game_id,game_date,home_team,away_team,home_team_name,away_team_name,home_pts,away_pts,home_win,home_elo,away_elo,p_home,pred_home_win,correct,confidence,elo_p_home
401809243,2025-10-21,OKC,HOU,Oklahoma City Thunder,Houston Rockets,125,124,1,1696.0686186175262,1572.520985215027,0.7425999392181143,1,1,0.7425999392181143,0.7836124600778764
401809244,2025-10-21,LAL,GSW,Los Angeles Lakers,Golden State Warriors,109,119,0,1570.8452850754888,1592.6366126047683,0.5518065378221699,1,0,0.5518065378221699,0.6106880467601873
401809234,2025-10-22,NYK,CLE,New York Knicks,Cleveland Cavaliers,119,111,1,1558.597874791463,1643.8783106677358,0.4576317960666126,0,0,0.5423682039333875,0.5211704907594483
401809235,2025-10-22,DAL,SAS,Dallas Mavericks,San Antonio Spurs,92,125,0,1454.0879255068273,1445.0210019420404,0.6065980779376625,1,0,0.6065980779376625,0.6519994551533745
401809933,2025-10-22,CHA,BKN,Charlotte Hornets,Brooklyn Nets,136,117,1,1304.1804852700038,1337.7449873640328,0.5171164110662765,1,1,0.5171164110662765,0.5944598914463508
401809934,2025-10-22,ORL,MIA,Orlando Magic,Miami Heat,125,121,1,1521.7504414548246,1509.2422170649347,0.6002000241273864,1,1,0.6002000241273864,0.6564805651908977
401809935,2025-10-22,ATL,TOR,Atlanta Hawks,Toronto Raptors,118,138,0,1493.061567661216,1424.995519301707,0.6708441241744513,1,0,0.6708441241744513,0.724614118641987
401809936,2025-10-22,BOS,PHI,Boston Celtics,Philadelphia 76ers,116,117,0,1645.74490579063,1341.384470550433,0.8605440998006408,1,0,0.8605440998006408,0.9111441542291048
401809937,2025-10-22,CHI,DET,Chicago Bulls,Detroit Pistons,115,111,1,1533.9284465166947,1542.9209305756451,0.5353062281312811,1,1,0.5353062281312811,0.6280549125206347
401809938,2025-10-22,MEM,NOP,Memphis Grizzlies,New Orleans Pelicans,128,122,1,1540.1364309964806,1354.4709327538399,0.8081486802943256,1,1,0.8081486802943256,0.8381358497633684
401809939,2025-10-22,MIL,WAS,Milwaukee Bucks,Washington Wizards,133,120,1,1569.2303248268415,1299.226645038044,0.8539639935219032,1,1,0.8539639935219032,0.8937766912660903
401809940,2025-10-22,UTA,LAC,Utah Jazz,LA Clippers,129,108,1,1338.3947403430434,1620.7173266306424,0.2425216773652633,0,0,0.7574783226347367,0.25931475444179053
401809941,2025-10-22,PHX,SAC,Phoenix Suns,Sacramento Kings,120,116,1,1449.2172360360078,1505.2814030843092,0.507439038292712,1,1,0.507439038292712,0.5628938475243119
401809942,2025-10-22,POR,MIN,Portland Trail Blazers,Minnesota Timberwolves,114,118,0,1504.66416468829,1623.5825881281992,0.40865993098560277,0,1,0.5913400690143973,0.47280107620758755
401809236,2025-10-23,IND,OKC,Indiana Pacers,Oklahoma City Thunder,135,141,0,1577.2555949414455,1697.5524850435204,0.42655332099965104,0,1,0.573446679000349,0.4708236106137332
401809237,2025-10-23,GSW,DEN,Golden State Warriors,Denver Nuggets,137,131,1,1606.1574181585092,1579.2120265618578,0.5880930067577749,1,1,0.5880930067577749,0.674971240866937
401809943,2025-10-24,ORL,ATL,Orlando Magic,Atlanta Hawks,107,111,0,1525.736735743488,1465.6352781287599,0.6539904742956665,1,0,0.6539904742956665,0.7153716847170463
401809944,2025-10-24,BKN,CLE,Brooklyn Nets,Cleveland Cavaliers,124,131,0,1325.5704878015338,1635.284623032347,0.218511241742608,0,1,0.781488758257392,0.23019479732720774
401809945,2025-10-24,NYK,BOS,New York Knicks,Boston Celtics,105,95,1,1567.1915624268518,1634.8573965286396,0.49904384826436776,0,0,0.5009561517356322,0.5463987273388564
401809946,2025-10-24,TOR,MIL,Toronto Raptors,Milwaukee Bucks,116,122,0,1452.4218088341631,1571.2388559024564,0.4327468447975082,0,1,0.5672531552024918,0.4729465391248538
401809947,2025-10-24,HOU,DET,Houston Rockets,Detroit Pistons,111,115,0,1571.0371187890328,1538.535575205995,0.6005368594443239,1,0,0.6005368594443239,0.6819483644819951
401809948,2025-10-24,MEM,MIA,Memphis Grizzlies,Miami Heat,114,146,0,1542.1740678992676,1505.2559227762713,0.6454864800730934,1,0,0.6454864800730934,0.6874370128235429
401809949,2025-10-24,NOP,SAS,New Orleans Pelicans,San Antonio Spurs,116,120,0,1352.433295851053,1478.5104359606587,0.3790114060840537,0,1,0.6209885939159463,0.4625422905011261
401809950,2025-10-24,DAL,WAS,Dallas Mavericks,Washington Wizards,107,117,0,1420.598491488209,1297.218113962429,0.7193596277883056,1,0,0.7193596277883056,0.7834491589297032
401809951,2025-10-24,LAL,MIN,Los Angeles Lakers,Minnesota Timberwolves,128,110,1,1557.324479521748,1629.4737632221838,0.4738623587010317,0,0,0.5261376412989682,0.539994773753069
401809952,2025-10-24,POR,GSW,Portland Trail Blazers,Golden State Warriors,139,119,1,1498.7729895943053,1610.720705599516,0.4752409446627133,0,0,0.5247590553372867,0.4828126289866566
401809953,2025-10-24,SAC,UTA,Sacramento Kings,Utah Jazz,105,104,1,1499.9402951204659,1367.7875685786955,0.7107710274012725,1,1,0.7107710274012725,0.7918937592936547
401809954,2025-10-24,LAC,PHX,LA Clippers,Phoenix Suns,129,102,1,1591.3244983949903,1454.558343999851,0.698834986431655,1,1,0.698834986431655,0.7962363863344107
401809955,2025-10-25,ORL,CHI,Orlando Magic,Chicago Bulls,98,110,0,1515.3589941679966,1538.313801886345,0.5170189152471631,1,0,0.5170189152471631,0.609094545904264
401809956,2025-10-25,ATL,OKC,Atlanta Hawks,Oklahoma City Thunder,100,117,0,1476.0130197042513,1704.7176427122547,0.2515435917188754,0,1,0.7484564082811246,0.32281100618321534
401809957,2025-10-25,PHI,CHA,Philadelphia 76ers,Charlotte Hornets,125,121,1,1352.2719798124233,1316.3549848325029,0.6080104945970856,1,1,0.6080104945970856,0.6861973786124466
401809958,2025-10-25,MEM,IND,Memphis Grizzlies,Indiana Pacers,128,103,1,1506.7874554853156,1570.0904372727111,0.4490725839682176,0,0,0.5509274160317824,0.5526157374063534
401809959,2025-10-25,DEN,PHX,Denver Nuggets,Phoenix Suns,133,111,1,1574.6487391208511,1447.6167418793282,0.7861728710269946,1,1,0.7861728710269946,0.7869941577488477
401809960,2025-10-26,SAS,BKN,San Antonio Spurs,Brooklyn Nets,118,107,1,1484.241452941553,1322.2537859321008,0.7601616923392631,1,1,0.7601616923392631,0.8187827563972121
401809961,2025-10-26,DET,BOS,Detroit Pistons,Boston Celtics,119,113,1,1548.1841182247524,1625.6802751049624,0.48546100156561905,0,0,0.5145389984343809,0.5323404201030906
401809962,2025-10-26,CLE,MIL,Cleveland Cavaliers,Milwaukee Bucks,118,113,1,1638.6013249017801,1578.4447155633218,0.6507484044309877,1,1,0.6507484044309877,0.7154363237630996
401809963,2025-10-26,MIA,NYK,Miami Heat,New York Knicks,115,107,1,1540.6425351902233,1576.368683850529,0.5200223123380233,1,1,0.5200223123380233,0.5914565693053989
401809964,2025-10-26,WAS,CHA,Washington Wizards,Charlotte Hornets,113,139,0,1317.0167232318179,1312.7750384342394,0.6079814756906533,1,0,0.6079814756906533,0.6456708049977702
401809965,2025-10-26,MIN,IND,Minnesota Timberwolves,Indiana Pacers,114,110,1,1615.766939542785,1553.4252737699621,0.7224036147469535,1,1,0.7224036147469535,0.7179901293603248
401809966,2025-10-26,DAL,TOR,Dallas Mavericks,Toronto Raptors,139,129,1,1400.7998822188201,1445.2159491732978,0.494239866455841,0,0,0.505760133544159,0.5793161705624141
401809967,2025-10-26,LAC,POR,LA Clippers,Portland Trail Blazers,114,107,1,1598.2661005155132,1515.8798353620953,0.6921529545497346,1,1,0.6921529545497346,0.7407556457137828
401809968,2025-10-26,SAC,LAL,Sacramento Kings,Los Angeles Lakers,120,127,0,1501.3590876240282,1571.0313032011468,0.48258329127610394,0,1,0.5174167087238961,0.5435346739048758
401809245,2025-10-27,DET,CLE,Detroit Pistons,Cleveland Cavaliers,95,116,0,1555.2887812706458,1642.1516069004995,0.47162062264942084,0,1,0.5283793773505792,0.5188969086735117
401809246,2025-10-27,MIN,DEN,Minnesota Timberwolves,Denver Nuggets,114,127,0,1618.9239913965532,1580.961689327955,0.5018275714600878,1,0,0.5018275714600878,0.6887270482138305
401809969,2025-10-27,PHI,ORL,Philadelphia 76ers,Orlando Magic,136,124,1,1355.8519262106868,1500.252795795458,0.4430484773675881,0,0,0.5569515226324119,0.43644761133557125
401809970,2025-10-27,CHI,ATL,Chicago Bulls,Atlanta Hawks,128,123,1,1553.4200002588834,1467.4390914815858,0.7054502328277606,1,1,0.7054502328277606,0.7447095139377032
401809971,2025-10-27,HOU,BKN,Houston Rockets,Brooklyn Nets,137,109,1,1561.3885757702753,1318.954405112302,0.8415456618869754,1,1,0.8415456618869754,0.8777409705420904
401809972,2025-10-27,NOP,BOS,New Orleans Pelicans,Boston Celtics,90,122,0,1346.7022788701586,1618.575612059069,0.32854429062069657,0,1,0.6714557093793034,0.27103407512072764
401809973,2025-10-27,SAS,TOR,San Antonio Spurs,Toronto Raptors,121,103,1,1487.5408337613517,1436.8563693544816,0.6668709081812718,1,1,0.6668709081812718,0.7042063838604612
401809974,2025-10-27,DAL,OKC,Dallas Mavericks,Oklahoma City Thunder,94,101,0,1409.1594620376363,1713.2915709349202,0.1877172453697305,0,1,0.8122827546302696,0.23593818057581234
401809975,2025-10-27,UTA,PHX,Utah Jazz,Phoenix Suns,138,134,1,1366.3687760751332,1441.3037916722244,0.5696790956754119,1,1,0.5696790956754119,0.536008963221119
401809976,2025-10-27,GSW,MEM,Golden State Warriors,Memphis Grizzlies,131,118,1,1593.613859831726,1523.4526189880646,0.6483771669287081,1,1,0.6483771669287081,0.7270143212504547
401809977,2025-10-27,LAL,POR,Los Angeles Lakers,Portland Trail Blazers,108,122,0,1580.403963333379,1512.0733172151579,0.7004506802997701,1,0,0.7004506802997701,0.724917956357179
401809978,2025-10-28,WAS,PHI,Washington Wizards,Philadelphia 76ers,134,139,0,1289.2378084556235,1369.4501793447212,0.4984436366105223,0,1,0.5015563633894777,0.5284459374626647
401809979,2025-10-28,MIA,CHA,Miami Heat,Charlotte Hornets,144,117,1,1547.6983188721888,1340.5539532104337,0.7341354751118039,1,1,0.7341354751118039,0.8542168816027466
401809980,2025-10-28,MIL,NYK,Milwaukee Bucks,New York Knicks,121,111,1,1574.8944335646024,1569.3129001685634,0.6034402723998427,1,1,0.6034402723998427,0.6474333478802983
401809981,2025-10-28,OKC,SAC,Oklahoma City Thunder,Sacramento Kings,107,101,1,1716.7040744474218,1491.9864274917961,0.7517587986584379,1,1,0.7517587986584379,0.8663685818927452
401809982,2025-10-28,GSW,LAC,Golden State Warriors,LA Clippers,98,79,1,1599.5019837263726,1602.0726186624506,0.4958241690284335,0,0,0.5041758309715665,0.6366488461605295
401809983,2025-10-29,BOS,CLE,Boston Celtics,Cleveland Cavaliers,125,105,1,1629.4974610234863,1659.9265117751324,0.5441685259048118,1,1,0.5441685259048118,0.5988035988053158
401809984,2025-10-29,DET,ORL,Detroit Pistons,Orlando Magic,135,116,1,1537.5138763960128,1486.6545426614236,0.5907409308618573,1,1,0.5907409308618573,0.704416021273229
401809985,2025-10-29,BKN,ATL,Brooklyn Nets,Atlanta Hawks,112,117,0,1314.9624324725653,1464.311307875316,0.41323512985183863,0,1,0.5867648701481614,0.42945502922616546
401809986,2025-10-29,TOR,HOU,Toronto Raptors,Houston Rockets,121,139,0,1428.8155062913268,1565.3805484100121,0.3369593565438881,0,1,0.6630406434561119,0.4475720957511036
401809987,2025-10-29,CHI,SAC,Chicago Bulls,Sacramento Kings,126,113,1,1556.5477838651532,1490.3459184226106,0.7068645715858347,1,1,0.7068645715858347,0.7224675905614416
401809988,2025-10-29,DAL,IND,Dallas Mavericks,Indiana Pacers,107,105,1,1405.7469585251347,1550.2682219161939,0.39049606183810703,0,0,0.609503938161893,0.4362771573685938
401809989,2025-10-29,DEN,NOP,Denver Nuggets,New Orleans Pelicans,122,88,1,1599.9332194909307,1335.7804299057414,0.8804507287010148,1,1,0.8804507287010148,0.8905364056804638
401809990,2025-10-29,UTA,POR,Utah Jazz,Portland Trail Blazers,134,136,0,1372.1223069633916,1533.6225699394492,0.4346682104597455,0,1,0.5653317895402545,0.41240695969914337
401809991,2025-10-29,MIN,LAL,Minnesota Timberwolves,Los Angeles Lakers,115,116,0,1599.9524612335774,1558.8547106090875,0.5589500928233241,1,0,0.5589500928233241,0.6925832105154425
401809992,2025-10-29,PHX,MEM,Phoenix Suns,Memphis Grizzlies,113,114,0,1435.550260783966,1517.564495093418,0.42528718834261536,0,1,0.5747128116573846,0.5258605009146595
401809993,2025-10-30,CHA,ORL,Charlotte Hornets,Orlando Magic,107,123,0,1335.8120344832491,1478.3157485217894,0.5596901953064586,1,0,0.5596901953064586,0.4391355679849214
401809994,2025-10-30,MIL,GSW,Milwaukee Bucks,Golden State Warriors,120,110,1,1581.6420286753923,1610.159044090232,0.555092030834642,1,1,0.555092030834642,0.6014448921025424
401809995,2025-10-30,OKC,WAS,Oklahoma City Thunder,Washington Wizards,127,108,1,1718.3445835166074,1281.6804293515713,0.9079876694525123,1,1,0.9079876694525123,0.9564486834425514
401809996,2025-10-30,SAS,MIA,San Antonio Spurs,Miami Heat,107,101,1,1495.5816968245065,1552.4402375993734,0.5222290856081878,1,1,0.5222290856081878,0.5617684183882699
401809502,2025-10-31,IND,ATL,Indiana Pacers,Atlanta Hawks,108,128,0,1544.6193617043143,1470.126213264853,0.6555015450885631,1,0,0.6555015450885631,0.731935212349607
401809503,2025-10-31,PHI,BOS,Philadelphia 76ers,Boston Celtics,108,109,0,1377.0075584487734,1641.9479181436795,0.28581929433662195,0,1,0.714180705663378,0.27899081151115446
401809504,2025-10-31,CLE,TOR,Cleveland Cavaliers,Toronto Raptors,101,112,0,1647.4760546549392,1415.569485373997,0.7970321190758124,1,0,0.7970321190758124,0.8710874152545475
401809505,2025-10-31,CHI,NYK,Chicago Bulls,New York Knicks,135,125,1,1562.5507138138591,1562.5653050577735,0.5641755900034195,1,1,0.5641755900034195,0.6400456488977829
401809506,2025-10-31,MEM,LAL,Memphis Grizzlies,Los Angeles Lakers,112,117,0,1521.8775160023933,1565.1658160075806,0.5113385225150767,1,0,0.5113385225150767,0.5808974966574018
401809507,2025-10-31,PHX,UTA,Phoenix Suns,Utah Jazz,118,96,1,1431.2372398749906,1368.323805023956,0.5516335718081444,1,1,0.5516335718081444,0.718656088011506
401809508,2025-10-31,POR,DEN,Portland Trail Blazers,Denver Nuggets,109,107,1,1537.4210718788847,1603.9954558402842,0.3905957262926732,0,0,0.6094042737073269,0.5479554653415334
401809509,2025-10-31,LAC,NOP,LA Clippers,New Orleans Pelicans,126,124,1,1591.4155582985911,1331.7181935563879,0.871053131133819,1,1,0.871053131133819,0.8880110991485665
401809997,2025-11-01,MIL,SAC,Milwaukee Bucks,Sacramento Kings,133,135,0,1589.4665941866133,1484.3429884739046,0.7262298478035408,1,0,0.7262298478035408,0.7650891696478169
401809998,2025-11-01,CHA,MIN,Charlotte Hornets,Minnesota Timberwolves,105,122,0,1323.870821603161,1593.6413558350844,0.3201880485623814,0,1,0.6798119514376186,0.2734322707107141
401809999,2025-11-01,IND,GSW,Indiana Pacers,Golden State Warriors,114,109,1,1516.750420224954,1602.3344785790111,0.344375480514402,0,0,0.6556245194855981,0.5207343102036786
401810000,2025-11-01,WAS,ORL,Washington Wizards,Orlando Magic,94,125,0,1280.7170989774072,1490.2569614018776,0.3170214142672262,0,1,0.6829785857327738,0.34738308615703206
401810001,2025-11-01,BOS,HOU,Boston Celtics,Houston Rockets,101,128,0,1643.9403271853478,1578.626569327342,0.5191395939406804,1,0,0.5191395939406804,0.7214413560296423
401810002,2025-11-01,DET,DAL,Detroit Pistons,Dallas Mavericks,122,110,1,1545.8526705356471,1411.3958187370142,0.7390303934809415,1,1,0.7390303934809415,0.7940711146350871
401810003,2025-11-02,OKC,NOP,Oklahoma City Thunder,New Orleans Pelicans,137,106,1,1719.3079138907715,1330.8777946127461,0.9244009023118246,1,1,0.9244009023118246,0.9433010495893595
401810004,2025-11-02,BKN,PHI,Brooklyn Nets,Philadelphia 76ers,105,129,0,1309.1475270830283,1375.0151494071051,0.4589114944765507,0,1,0.5410885055234493,0.5489630228134136
401810005,2025-11-02,CHA,UTA,Charlotte Hornets,Utah Jazz,126,103,1,1316.818463572364,1359.607092577056,0.4800137902689402,0,0,0.5199862097310598,0.5815975937260293
401810006,2025-11-02,CLE,ATL,Cleveland Cavaliers,Atlanta Hawks,117,109,1,1621.3570854460863,1497.9951547442133,0.6934946373924568,1,1,0.6934946373924568,0.7834311428180566
401810007,2025-11-02,TOR,MEM,Toronto Raptors,Memphis Grizzlies,117,104,1,1441.6884545828498,1513.312959924489,0.4628680186367654,0,0,0.5371319813632346,0.5407450671748155
401810008,2025-11-02,NYK,CHI,New York Knicks,Chicago Bulls,128,116,1,1555.6477634455157,1569.468255426117,0.5496298053514476,1,1,0.5496298053514476,0.6215398221429916
401810009,2025-11-02,PHX,SAS,Phoenix Suns,San Antonio Spurs,130,118,1,1439.9539523218907,1502.1330406009367,0.40936204520551506,0,0,0.5906379547944849,0.554214689626651
401810010,2025-11-02,LAL,MIA,Los Angeles Lakers,Miami Heat,130,120,1,1573.730372085485,1545.8888938229431,0.5443904339584975,1,1,0.5443904339584975,0.676101869584372
401810011,2025-11-03,BKN,MIN,Brooklyn Nets,Minnesota Timberwolves,109,125,0,1288.1278250639596,1600.6937138658814,0.1915719160646797,0,1,0.8084280839353203,0.22729868748364437
401810012,2025-11-03,IND,MIL,Indiana Pacers,Milwaukee Bucks,115,117,0,1523.419057743344,1580.62151174285,0.4153981881778786,0,1,0.5846018118221215,0.5612809813402563
401810013,2025-11-03,BOS,UTA,Boston Celtics,Utah Jazz,103,105,0,1610.2525270665394,1345.149173813116,0.8629582125228443,1,0,0.8629582125228443,0.891068673396931
401810014,2025-11-03,NYK,WAS,New York Knicks,Washington Wizards,119,102,1,1563.8873825261298,1266.412403982938,0.8452842705068566,1,1,0.8452842705068566,0.9078824893124398
401810015,2025-11-03,HOU,DAL,Houston Rockets,Dallas Mavericks,110,102,1,1612.3143694461503,1407.360280722539,0.8477090195978203,1,1,0.8477090195978203,0.8526397488121568
401810016,2025-11-03,MEM,DET,Memphis Grizzlies,Detroit Pistons,106,114,0,1502.3084647545927,1549.8882085501223,0.44320924964131087,0,1,0.5567907503586891,0.5748715464038744
401810017,2025-11-03,DEN,SAC,Denver Nuggets,Sacramento Kings,130,124,1,1599.7407918418053,1493.1880709176678,0.7600610224330608,1,1,0.7600610224330608,0.7665645008017261
401810018,2025-11-03,POR,LAL,Portland Trail Blazers,Los Angeles Lakers,115,123,0,1541.6757358773636,1579.8291471196444,0.5946237234213029,1,0,0.5946237234213029,0.588076062591198
401810019,2025-11-03,LAC,MIA,LA Clippers,Miami Heat,119,120,0,1592.2559572422329,1539.7901187887837,0.6662631840392157,1,0,0.6662631840392157,0.7063378935237112
401810020,2025-11-04,TOR,MIL,Toronto Raptors,Milwaukee Bucks,128,100,1,1452.692949752746,1586.237872107492,0.472358196879085,0,0,0.527641803120915,0.4518744240887852
401810021,2025-11-04,ATL,ORL,Atlanta Hawks,Orlando Magic,127,112,1,1494.65874443842,1504.5616563963467,0.5200606227279057,1,1,0.5200606227279057,0.6268298217611681
401810022,2025-11-04,CHI,PHI,Chicago Bulls,Philadelphia 76ers,113,111,1,1561.2286363455028,1396.0348514261739,0.7092370909418227,1,1,0.7092370909418227,0.8215051034523438
401810023,2025-11-04,NOP,CHA,New Orleans Pelicans,Charlotte Hornets,116,112,1,1329.051883378879,1331.2763823363039,0.4371586872273556,0,0,0.5628413127726444,0.6371096441397844
401810024,2025-11-04,GSW,PHX,Golden State Warriors,Phoenix Suns,118,107,1,1595.6658410606212,1450.0237798688297,0.7371602290265378,1,1,0.7371602290265378,0.8044007033877929
401810025,2025-11-04,LAC,OKC,LA Clippers,Oklahoma City Thunder,107,126,0,1585.752845787009,1721.1338251246386,0.32695232926108436,0,1,0.6730476707389157,0.4492579599102383
401810026,2025-11-05,CLE,PHI,Cleveland Cavaliers,Philadelphia 76ers,132,121,1,1624.6934957518797,1394.6118269438095,0.816262300817248,1,1,0.816262300817248,0.8699031629737918
401810027,2025-11-05,DET,UTA,Detroit Pistons,Utah Jazz,114,103,1,1560.784012123985,1357.3130887703564,0.7959714615093153,1,1,0.7959714615093153,0.8515637839566758
401810028,2025-11-05,IND,BKN,Indiana Pacers,Brooklyn Nets,103,112,0,1517.802697378702,1282.6656814616845,0.7847853606991161,1,0,0.7847853606991161,0.873161260012065
401810029,2025-11-05,BOS,WAS,Boston Celtics,Washington Wizards,136,107,1,1598.088612109299,1264.364893623005,0.8787523926273936,1,1,0.8787523926273936,0.9239111675076768
401810030,2025-11-05,NYK,MIN,New York Knicks,Minnesota Timberwolves,137,114,1,1565.934892886063,1606.1558574681565,0.5359904447861308,1,1,0.5359904447861308,0.5851899497063264
401810031,2025-11-05,MEM,HOU,Memphis Grizzlies,Houston Rockets,109,124,0,1491.41266118073,1614.4654450554087,0.34703891927388514,0,1,0.6529610807261148,0.4668729766961628
401810032,2025-11-05,DAL,NOP,Dallas Mavericks,New Orleans Pelicans,99,101,0,1405.2092051132806,1333.3089950842018,0.7594347273431825,1,0,0.7594347273431825,0.7289964916559231
401810033,2025-11-05,DEN,MIA,Denver Nuggets,Miami Heat,122,112,1,1602.839020345429,1546.2932302440076,0.6587606081317863,1,1,0.6587606081317863,0.711185772000844
401810034,2025-11-05,LAL,SAS,Los Angeles Lakers,San Antonio Spurs,118,116,1,1591.063650419819,1492.0632130539977,0.5976527268172274,1,1,0.5976527268172274,0.7586950810761014
401810035,2025-11-05,POR,OKC,Portland Trail Blazers,Oklahoma City Thunder,121,119,1,1530.441232577189,1734.9465957984091,0.34600576475118683,0,0,0.6539942352488132,0.35398201693603
401810036,2025-11-05,SAC,GSW,Sacramento Kings,Golden State Warriors,121,116,1,1490.0898424140441,1599.2659926889787,0.48227883782563563,0,0,0.5177211621743644,0.48679752786019875
401810037,2025-11-06,PHX,LAC,Phoenix Suns,LA Clippers,115,102,1,1446.4236282404722,1571.9400751132384,0.4312537490560766,0,0,0.5687462509439234,0.46334476065812125
401809510,2025-11-07,ORL,BOS,Orlando Magic,Boston Celtics,123,110,1,1495.1888981386483,1600.498788447437,0.48426265919747674,0,0,0.5157373408025232,0.492359048478175
401809511,2025-11-07,WAS,CLE,Washington Wizards,Cleveland Cavaliers,115,148,0,1261.954717284867,1626.9600617899753,0.15763417149603806,0,1,0.8423658285039619,0.17865401379680154
401809512,2025-11-07,ATL,TOR,Atlanta Hawks,Toronto Raptors,97,109,0,1504.0315026961184,1476.121860170937,0.5920046888773269,1,0,0.5920046888773269,0.6761877913123184
401809773,2025-11-07,BKN,DET,Brooklyn Nets,Detroit Pistons,107,125,0,1305.8910249089913,1563.414388647037,0.24499325213889644,0,1,0.7550067478611036,0.2876597388384611
401809774,2025-11-07,SAS,HOU,San Antonio Spurs,Houston Rockets,121,110,1,1490.0515631208045,1626.8092507115991,0.4384519981922608,0,0,0.5615480018077392,0.4472979207718167
401809775,2025-11-07,MIA,CHA,Miami Heat,Charlotte Hornets,126,108,1,1540.966040862444,1327.019270630981,0.7650630662098211,1,1,0.7650630662098211,0.8590258994568907
401809776,2025-11-07,MEM,DAL,Memphis Grizzlies,Dallas Mavericks,118,104,1,1479.0688555245397,1397.0411017373267,0.6688082617770852,1,1,0.6688082617770852,0.7403591316576364
401809777,2025-11-07,MIL,CHI,Milwaukee Bucks,Chicago Bulls,126,110,1,1562.808961689301,1562.651660827867,0.5874488937115133,1,1,0.5874488937115133,0.6402735832548644
401809778,2025-11-07,MIN,UTA,Minnesota Timberwolves,Utah Jazz,137,97,1,1591.8501724305033,1354.6827122473044,0.8152083710563218,1,1,0.8152083710563218,0.8744500974316741
401809779,2025-11-07,DEN,GSW,Denver Nuggets,Golden State Warriors,129,104,1,1608.1662097269925,1591.9893786128634,0.6313057828190926,1,1,0.6313057828190926,0.6612271490301423
401809780,2025-11-07,SAC,OKC,Sacramento Kings,Oklahoma City Thunder,101,132,0,1497.3664564901594,1728.1340992363487,0.2576963285775021,0,1,0.742303671422498,0.32022041244862337
401810038,2025-11-08,WAS,DAL,Washington Wizards,Dallas Mavericks,105,111,0,1255.0440599520061,1391.2112232839334,0.39790769376715723,0,1,0.6020923062328427,0.44813846159635623
401810039,2025-11-08,PHI,TOR,Philadelphia 76ers,Toronto Raptors,130,120,1,1392.345260905714,1493.6522368278822,0.5483895959814329,1,1,0.5483895959814329,0.49811911932504016
401810040,2025-11-08,ATL,LAL,Atlanta Hawks,Los Angeles Lakers,122,102,1,1486.5011260391732,1593.0753003530122,0.3847832614398635,0,0,0.6152167385601365,0.4905401316241322
401810041,2025-11-08,CLE,CHI,Cleveland Cavaliers,Chicago Bulls,128,122,1,1633.8707191228361,1553.2874843777067,0.7087677432827675,1,1,0.7087677432827675,0.7387575066972831
401810042,2025-11-08,MIA,POR,Miami Heat,Portland Trail Blazers,136,131,1,1544.3982326347366,1537.2537291392496,0.5422585800925271,1,1,0.5422585800925271,0.6494843402056714
401810043,2025-11-08,SAS,NOP,San Antonio Spurs,New Orleans Pelicans,126,119,1,1502.592348170558,1341.4770984601557,0.80846920617836,1,1,0.80846920617836,0.8180364054369085
401810044,2025-11-08,DEN,IND,Denver Nuggets,Indiana Pacers,117,100,1,1620.0514195560295,1494.5773539313952,0.7542807727864012,1,1,0.7542807727864012,0.7854869142200591
401810045,2025-11-08,LAC,PHX,LA Clippers,Phoenix Suns,103,114,0,1558.5149868723893,1459.8487164813214,0.6650524337207975,1,0,0.6650524337207975,0.7583427355950856
401810046,2025-11-09,MIL,HOU,Milwaukee Bucks,Houston Rockets,115,122,0,1572.1731381394613,1614.2684656618458,0.4946719637277114,0,1,0.5053280362722886,0.5825684448061126
401810047,2025-11-09,NYK,BKN,New York Knicks,Brooklyn Nets,134,98,1,1580.240577923716,1298.1092681712855,0.8815235953916056,1,1,0.8815235953916056,0.9002247810511633
401810048,2025-11-09,ORL,BOS,Orlando Magic,Boston Celtics,107,111,0,1507.6819960088626,1588.0056905772226,0.5090531619970983,1,0,0.5090531619970983,0.528286245446146
401810049,2025-11-09,MEM,OKC,Memphis Grizzlies,Oklahoma City Thunder,100,114,0,1484.898733977933,1741.1175546344373,0.23315849549333326,0,1,0.7668415045066668,0.2892009839863284
401810050,2025-11-09,PHI,DET,Philadelphia 76ers,Detroit Pistons,108,111,0,1402.772717555459,1571.1961453847427,0.32330067710016147,0,1,0.6766993228998386,0.4027843624024629
401810051,2025-11-09,GSW,IND,Golden State Warriors,Indiana Pacers,114,83,1,1580.1041687838265,1489.253514460612,0.7704567209588234,1,1,0.7704567209588234,0.7500023231954049
401810052,2025-11-09,SAC,MIN,Sacramento Kings,Minnesota Timberwolves,117,144,0,1484.3830010920708,1597.1939348163605,0.3893801533809668,0,1,0.6106198466190331,0.4815719352389291
401810053,2025-11-10,CHA,LAL,Charlotte Hornets,Los Angeles Lakers,111,121,0,1323.5870788586885,1576.296878486892,0.3337817824434179,0,1,0.6662182175565821,0.2933708933614024
401810054,2025-11-10,DET,WAS,Detroit Pistons,Washington Wizards,137,135,1,1575.4660427412755,1248.3082852230268,0.8857552459795585,1,1,0.8857552459795585,0.9212111449037093
401810055,2025-11-10,ORL,POR,Orlando Magic,Portland Trail Blazers,115,112,1,1500.8929759369948,1532.70979457903,0.5267830476685552,1,1,0.5267830476685552,0.5968829207357736
401810056,2025-11-10,MIA,CLE,Miami Heat,Cleveland Cavaliers,140,138,1,1548.9421671949563,1637.4009527028206,0.45719753615184044,0,0,0.5428024638481596,0.51660303632874
401810057,2025-11-10,CHI,SAS,Chicago Bulls,San Antonio Spurs,117,121,0,1549.7572507977222,1505.1249426994355,0.5434806336882175,1,0,0.5434806336882175,0.696898172241524
401810058,2025-11-10,DAL,MIL,Dallas Mavericks,Milwaukee Bucks,114,116,0,1397.9469980129127,1561.894993698424,0.4079608470578009,0,1,0.5920391529421991,0.4089967627538434
401810059,2025-11-10,PHX,NOP,Phoenix Suns,New Orleans Pelicans,121,98,1,1479.7053722365772,1338.9445039312782,0.7768918828603018,1,1,0.7768918828603018,0.7999418504165058
401810060,2025-11-10,UTA,MIN,Utah Jazz,Minnesota Timberwolves,113,120,0,1349.3389498614472,1616.5091070463543,0.2909921404592498,0,1,0.7090078595407502,0.2764161769002397
401810061,2025-11-10,LAC,ATL,LA Clippers,Atlanta Hawks,102,105,0,1538.6583311171335,1503.2795479052934,0.5757212295166437,1,0,0.5757212295166437,0.6855298578669932
401810062,2025-11-11,BKN,TOR,Brooklyn Nets,Toronto Raptors,109,119,0,1294.2898428383658,1483.2247801781373,0.2904679173302804,0,1,0.7095320826697196,0.37473635851435805
401810063,2025-11-11,NYK,MEM,New York Knicks,Memphis Grizzlies,133,120,1,1584.0600032566358,1478.2859438059522,0.7579219563687418,1,1,0.7579219563687418,0.7657614583945016
401810064,2025-11-11,PHI,BOS,Philadelphia 76ers,Boston Celtics,102,100,1,1398.5028201989262,1594.7947106490903,0.35939432103572794,0,0,0.640605678964272,0.3648671954363143
401810065,2025-11-11,OKC,GSW,Oklahoma City Thunder,Golden State Warriors,126,102,1,1747.730344806418,1589.8177389955335,0.7770430857060399,1,1,0.7770430857060399,0.8152760627370088
401810066,2025-11-11,UTA,IND,Utah Jazz,Indiana Pacers,152,128,1,1345.236718004905,1479.539944248905,0.4029958708592884,0,0,0.5970041291407115,0.4507934758592086
401810067,2025-11-11,SAC,DEN,Sacramento Kings,Denver Nuggets,108,122,0,1465.067828862077,1625.3752590268127,0.28840718187406844,0,1,0.7115928181259316,0.41407189546901296
401810068,2025-11-12,CHA,MIL,Charlotte Hornets,Milwaukee Bucks,111,100,1,1318.1610435013818,1565.6550681347458,0.3323188693621848,0,0,0.6676811306378152,0.2996334689928356
401810069,2025-11-12,DET,CHI,Detroit Pistons,Chicago Bulls,124,113,1,1576.0335162903225,1539.7889820985504,0.628507128700009,1,1,0.628507128700009,0.6866032346861695
401810070,2025-11-12,NYK,ORL,New York Knicks,Orlando Magic,107,124,0,1588.9887795901586,1505.1671792649363,0.6551596830527886,1,0,0.6551596830527886,0.7423391811323444
401810071,2025-11-12,BOS,MEM,Boston Celtics,Memphis Grizzlies,131,95,1,1588.1446845770429,1473.3571674724294,0.7282698208751728,1,1,0.7282698208751728,0.7749396100123341
401810072,2025-11-12,MIA,CLE,Miami Heat,Cleveland Cavaliers,116,130,0,1553.5708479008488,1632.772271996928,0.476136905111654,0,1,0.523863094888346,0.5298958537809495
401810073,2025-11-12,HOU,WAS,Houston Rockets,Washington Wizards,135,112,1,1624.546610102883,1247.7408116739798,0.9289554342208894,1,1,0.9289554342208894,0.9396141671914302
401810074,2025-11-12,NOP,POR,New Orleans Pelicans,Portland Trail Blazers,117,125,0,1332.8826469331264,1528.4355912510885,0.28969295538586964,0,1,0.7103070446141304,0.36585351329551624
401810075,2025-11-12,SAS,GSW,San Antonio Spurs,Golden State Warriors,120,125,0,1515.0932113986073,1584.114563161607,0.6282924428785526,1,0,0.6282924428785526,0.5444640885937452
401810076,2025-11-12,DAL,PHX,Dallas Mavericks,Phoenix Suns,114,123,0,1394.186923576591,1485.767229234729,0.4114393915845931,0,1,0.5885606084154069,0.5121145427307349
401810077,2025-11-12,OKC,LAL,Oklahoma City Thunder,Los Angeles Lakers,121,92,1,1753.4335206403446,1581.7229138441987,0.7566338932324893,1,1,0.7566338932324893,0.8269397418605199
401810078,2025-11-12,SAC,ATL,Sacramento Kings,Atlanta Hawks,100,133,0,1454.9067357036606,1511.8755955704462,0.39303210165821567,0,1,0.6069678983417843,0.5616120732468864
401810079,2025-11-12,LAC,DEN,LA Clippers,Denver Nuggets,116,130,0,1530.0622834519806,1635.5363521852291,0.45313515315462194,0,1,0.5468648468453781,0.4921228336341709
401810080,2025-11-13,CLE,TOR,Cleveland Cavaliers,Toronto Raptors,113,126,0,1646.6336162317327,1490.4858361652336,0.6834403167269821,1,0,0.6834403167269821,0.8137411810685973
401810081,2025-11-13,PHX,IND,Phoenix Suns,Indiana Pacers,133,98,1,1495.8045091542804,1458.5079632799964,0.6586806218074504,1,1,0.6586806218074504,0.6879048564275889
401810082,2025-11-13,UTA,ATL,Utah Jazz,Atlanta Hawks,122,132,0,1366.2686989738136,1539.1440872405356,0.40442360607406364,0,1,0.5955763939259364,0.3966353353797981
401809781,2025-11-14,NYK,MIA,New York Knicks,Miami Heat,140,132,1,1563.4925920105777,1539.7095036660442,0.6697206525535695,1,1,0.6697206525535695,0.6709649753609871
401809782,2025-11-14,ORL,BKN,Orlando Magic,Brooklyn Nets,105,98,1,1530.6633668445172,1287.0287868512694,0.8489201658829854,1,1,0.8489201658829854,0.8784805732962654
401809783,2025-11-14,DET,PHI,Detroit Pistons,Philadelphia 76ers,114,105,1,1582.2570326667,1405.1528462709737,0.736844575449882,1,1,0.736844575449882,0.831338025691134
401809784,2025-11-14,HOU,POR,Houston Rockets,Portland Trail Blazers,140,116,1,1626.1262168699222,1534.607213449112,0.7249452576892239,1,1,0.7249452576892239,0.750722998413814
401809785,2025-11-14,MIL,CHA,Milwaukee Bucks,Charlotte Hornets,147,134,1,1548.1676535676968,1335.6484580684307,0.7553308766556817,1,1,0.7553308766556817,0.8580277836729036
401809786,2025-11-14,MIN,SAC,Minnesota Timberwolves,Sacramento Kings,124,110,1,1620.6113389028965,1427.6382440335713,0.8326475058453233,1,1,0.8326475058453233,0.843761831734474
401809787,2025-11-14,NOP,LAL,New Orleans Pelicans,Los Angeles Lakers,104,118,0,1326.711024735103,1575.657450152953,0.2446692106484,0,1,0.7553307893516,0.2978818952335346
401809788,2025-11-14,DAL,LAC,Dallas Mavericks,LA Clippers,127,133,0,1384.1496436570396,1517.458421104343,0.404181677214665,0,1,0.595818322785335,0.45221113753163494
401809789,2025-11-14,SAS,GSW,San Antonio Spurs,Golden State Warriors,108,109,0,1507.2352722302496,1591.9725023299648,0.5334956669431445,1,0,0.5334956669431445,0.5219507729580767
401810083,2025-11-15,CLE,MEM,Cleveland Cavaliers,Memphis Grizzlies,108,100,1,1621.5529415978483,1463.757529217808,0.7692110975352051,1,1,0.7692110975352051,0.8151744427353215
401810084,2025-11-15,CHA,OKC,Charlotte Hornets,Oklahoma City Thunder,96,109,0,1332.8652047713197,1759.4989843315902,0.1036308643594837,0,1,0.8963691356405163,0.13235956588188802
401810085,2025-11-15,IND,TOR,Indiana Pacers,Toronto Raptors,111,129,0,1444.741469959167,1515.566510799118,0.3704589727405023,0,1,0.6295410272594977,0.5418877325926026
401810086,2025-11-15,MIL,LAL,Milwaukee Bucks,Los Angeles Lakers,95,119,0,1550.9509068648078,1582.5041439868835,0.5871186881114249,1,0,0.5871186881114249,0.5972479494984246
401810087,2025-11-15,MIN,DEN,Minnesota Timberwolves,Denver Nuggets,112,123,0,1623.867205991666,1648.1402145328668,0.46355551078675317,0,1,0.5364444892132468,0.6072863257690976
401810088,2025-11-16,BOS,LAC,Boston Celtics,LA Clippers,121,118,1,1597.7443228316642,1524.2705497748352,0.700445047631047,1,1,0.700445047631047,0.7307823101258093
401810089,2025-11-16,SAS,SAC,San Antonio Spurs,Sacramento Kings,123,110,1,1502.963759154756,1424.3823769448018,0.7680197500932135,1,1,0.7680197500932135,0.7365274021276935
401810090,2025-11-16,WAS,BKN,Washington Wizards,Brooklyn Nets,106,129,0,1246.1612049069406,1285.4250403852075,0.5342885812221494,1,0,0.5342885812221494,0.5865267528365277
401810091,2025-11-16,HOU,ORL,Houston Rockets,Orlando Magic,117,113,1,1634.1768789286066,1532.2671133105791,0.7203794825218908,1,1,0.7203794825218908,0.761747852235817
401810092,2025-11-16,NOP,GSW,New Orleans Pelicans,Golden State Warriors,106,124,0,1319.8643309011725,1596.2440154054584,0.22276187442092363,0,1,0.7772381255790763,0.2659394083200914
401810093,2025-11-16,DAL,POR,Dallas Mavericks,Portland Trail Blazers,138,133,1,1377.3375149865474,1526.5565513904276,0.4180848542418497,0,0,0.5819151457581503,0.42963817264164833
401810094,2025-11-16,PHX,ATL,Phoenix Suns,Atlanta Hawks,122,124,0,1509.5710024751097,1546.9227670015266,0.558161148634883,1,0,0.558161148634883,0.5891934711612945
401810095,2025-11-16,UTA,CHI,Utah Jazz,Chicago Bulls,150,147,1,1358.4900192128225,1533.5654657221728,0.33397681714418187,0,0,0.6660231828558181,0.39360851113455636
401810096,2025-11-17,CLE,MIL,Cleveland Cavaliers,Milwaukee Bucks,118,106,1,1624.3352963377442,1527.4182409339016,0.6866542554218028,1,1,0.6866542554218028,0.7564926500571361
401810097,2025-11-17,DET,IND,Detroit Pistons,Indiana Pacers,127,112,1,1584.9446798335905,1427.8405606306487,0.8245201355938373,1,1,0.8245201355938373,0.8145741335198627
401810098,2025-11-17,PHI,LAC,Philadelphia 76ers,LA Clippers,110,108,1,1402.4651991040832,1521.6272046553377,0.5916259547077569,1,1,0.5916259547077569,0.47245158405741805
401810099,2025-11-17,MIA,NYK,Miami Heat,New York Knicks,115,113,1,1534.2730354015061,1568.9290602751157,0.46953024627289575,0,0,0.5304697537271043,0.5929442332179038
401810100,2025-11-17,TOR,CHA,Toronto Raptors,Charlotte Hornets,110,108,1,1532.4674201276364,1330.2936295149266,0.7900029331142218,1,1,0.7900029331142218,0.8506174667980063
401810101,2025-11-17,MIN,DAL,Minnesota Timberwolves,Dallas Mavericks,120,96,1,1609.630628459227,1385.694264646628,0.8670611166950144,1,1,0.8670611166950144,0.8658470379880198
401810102,2025-11-17,NOP,OKC,New Orleans Pelicans,Oklahoma City Thunder,109,126,0,1312.7652563892573,1762.0705595879833,0.05963981141481527,0,1,0.9403601885851848,0.1180775036448587
401810103,2025-11-17,DEN,CHI,Denver Nuggets,Chicago Bulls,127,130,0,1662.3767920653058,1526.3520184288557,0.8114939666485727,1,0,0.8114939666485727,0.7955430971753787
401810104,2025-11-18,ORL,GSW,Orlando Magic,Golden State Warriors,121,113,1,1529.6726091271373,1603.3430899173736,0.5272810080433975,1,1,0.5272810080433975,0.5378188540934687
401810105,2025-11-18,BKN,BOS,Brooklyn Nets,Boston Celtics,99,113,0,1307.7025703851536,1600.3876679511618,0.20840015262073702,0,1,0.7915998473792629,0.24802293870084224
401810106,2025-11-18,ATL,DET,Atlanta Hawks,Detroit Pistons,112,120,0,1552.9169952022949,1589.085856989411,0.5743464505739202,1,0,0.5743464505739202,0.5908406267827911
401810107,2025-11-18,SAS,MEM,San Antonio Spurs,Memphis Grizzlies,111,101,1,1508.613196534273,1460.975174477912,0.7249371361897947,1,1,0.7249371361897947,0.7005404527881659
401810108,2025-11-18,LAL,UTA,Los Angeles Lakers,Utah Jazz,140,126,1,1606.0368099177897,1365.7034665061396,0.8220625544841241,1,1,0.8220625544841241,0.8764372740335198
401810109,2025-11-18,POR,PHX,Portland Trail Blazers,Phoenix Suns,110,127,0,1518.199801730347,1503.5767742743415,0.5055271716733146,1,0,0.5055271716733146,0.6592206684835006
401810110,2025-11-19,CLE,HOU,Cleveland Cavaliers,Houston Rockets,104,114,0,1629.2310571417377,1636.7713831120484,0.5217075478884174,1,0,0.5217075478884174,0.6300055603646837
401810111,2025-11-19,IND,CHA,Indiana Pacers,Charlotte Hornets,127,118,1,1423.6993834748282,1329.1310726025042,0.5805145424006194,1,1,0.5805145424006194,0.7539933964100541
401810112,2025-11-19,MIA,GSW,Miami Heat,Golden State Warriors,110,96,1,1538.0112938257337,1595.1236484969008,0.582211498174064,1,1,0.582211498174064,0.5614086929050711
401810113,2025-11-19,PHI,TOR,Philadelphia 76ers,Toronto Raptors,112,121,0,1407.642652259373,1533.6299770400587,0.4536708786892245,0,1,0.5463291213107755,0.46267082221743566
401810114,2025-11-19,MIN,WAS,Minnesota Timberwolves,Washington Wizards,120,109,1,1613.598730698538,1223.8836749069944,0.9247720393797906,1,1,0.9247720393797906,0.9436953607110814
401810115,2025-11-19,NOP,DEN,New Orleans Pelicans,Denver Nuggets,118,125,0,1310.06168073265,1651.411098308635,0.13171332209333111,0,1,0.8682866779066689,0.19951650840822624
401810116,2025-11-19,OKC,SAC,Oklahoma City Thunder,Sacramento Kings,113,99,1,1764.7741352445905,1418.7329395652848,0.9282526451475543,1,1,0.9282526451475543,0.9287483286524804
401810117,2025-11-19,DAL,NYK,Dallas Mavericks,New York Knicks,111,113,0,1381.726162407317,1565.1908018508882,0.2787511255884103,0,1,0.7212488744115897,0.38214325229579943
401810118,2025-11-19,POR,CHI,Portland Trail Blazers,Chicago Bulls,121,122,0,1496.9383225552795,1537.3177121855265,0.43074498475111356,0,1,0.5692550152488864,0.5849685589999626
401810119,2025-11-20,ORL,LAC,Orlando Magic,LA Clippers,129,101,1,1537.89205054761,1516.4497515000478,0.6305482178445178,1,1,0.6305482178445178,0.6679833364268987
401810120,2025-11-20,MEM,SAC,Memphis Grizzlies,Sacramento Kings,137,96,1,1455.4164277884454,1417.3821224904405,0.7127100719411574,1,1,0.7127100719411574,0.688815899193112
401810121,2025-11-20,MIL,PHI,Milwaukee Bucks,Philadelphia 76ers,114,123,0,1522.5224801299082,1398.818977453046,0.7434796859853507,1,0,0.7434796859853507,0.7837645635970253
401810122,2025-11-20,SAS,ATL,San Antonio Spurs,Atlanta Hawks,135,126,1,1514.1719432237396,1541.6107936185101,0.5793897956046636,1,1,0.5793897956046636,0.6029316847755972
401809790,2025-11-21,CLE,IND,Cleveland Cavaliers,Indiana Pacers,120,109,1,1615.110830099524,1427.8435044379692,0.8364606130138554,1,1,0.8364606130138554,0.8393828928537812
401809791,2025-11-21,BOS,BKN,Boston Celtics,Brooklyn Nets,105,113,0,1605.915542590815,1302.1746957455005,0.8842070694537475,1,0,0.8842070694537475,0.910854973780616
401809792,2025-11-21,TOR,WAS,Toronto Raptors,Washington Wizards,140,110,1,1542.4536518463858,1222.9927374204606,0.8888224889463765,1,1,0.8888224889463765,0.9179347104144668
401809793,2025-11-21,CHI,MIA,Chicago Bulls,Miami Heat,107,143,0,1542.283336554182,1548.9190925780179,0.5655411816098181,1,0,0.5655411816098181,0.631218509398679
401809794,2025-11-21,DAL,NOP,Dallas Mavericks,New Orleans Pelicans,118,115,1,1378.2643825985022,1307.247978259762,0.7013811671243145,1,1,0.7013811671243145,0.7279902132100768
401809795,2025-11-21,PHX,MIN,Phoenix Suns,Minnesota Timberwolves,114,113,1,1524.838253449409,1614.4896681850719,0.503790974655468,1,1,0.503790974655468,0.5148884086964646
401809796,2025-11-21,HOU,DEN,Houston Rockets,Denver Nuggets,109,112,0,1650.891610154262,1654.224800781523,0.5546198791253018,1,0,0.5546198791253018,0.6356327995057752
401809797,2025-11-21,UTA,OKC,Utah Jazz,Oklahoma City Thunder,112,144,0,1363.205209013083,1766.124952319435,0.11204205014824337,0,1,0.8879579498517567,0.14883772069935594
401809798,2025-11-21,GSW,POR,Golden State Warriors,Portland Trail Blazers,123,127,0,1584.2158497446167,1491.972698186624,0.6860045556418665,1,0,0.6860045556418665,0.7515022734345124
401810123,2025-11-22,CHA,LAC,Charlotte Hornets,LA Clippers,116,131,0,1324.9869516393633,1503.8619339015984,0.4051190104341956,0,1,0.5948809895658044,0.38840043749221986
401810124,2025-11-22,ORL,NYK,Orlando Magic,New York Knicks,133,121,1,1550.4798681460595,1568.652581659703,0.5088451605114236,1,1,0.5088451605114236,0.615628869331638
401810125,2025-11-22,NOP,ATL,New Orleans Pelicans,Atlanta Hawks,98,115,0,1304.5726000586421,1534.304902186564,0.20390458909863154,0,1,0.7960954109013685,0.3215191469479751
401810126,2025-11-22,CHI,WAS,Chicago Bulls,Washington Wizards,121,120,1,1508.1865428207325,1220.305703507049,0.8714896224722214,1,1,0.8714896224722214,0.9031584259652303
401810127,2025-11-22,MIL,DET,Milwaukee Bucks,Detroit Pistons,116,129,0,1503.9385947059363,1600.3920585731958,0.40244308780147614,0,1,0.5975569121985238,0.50510369850523
401810128,2025-11-22,DAL,MEM,Dallas Mavericks,Memphis Grizzlies,96,102,0,1380.939760799622,1470.8425968367628,0.4170534178449289,0,1,0.5829465821550711,0.5145268974464658
401810129,2025-11-22,DEN,SAC,Denver Nuggets,Sacramento Kings,123,128,0,1661.9276474781268,1401.955953442123,0.8529181482589598,1,0,0.8529181482589598,0.8881680469163684
401810130,2025-11-23,PHI,MIA,Philadelphia 76ers,Miami Heat,117,127,0,1417.402862877018,1583.0158863114673,0.4179530662429765,0,1,0.5820469337570235,0.40668200824131273
401810131,2025-11-23,ATL,CHA,Atlanta Hawks,Charlotte Hornets,113,110,1,1542.8381577127689,1315.1492797329486,0.8070502105003721,1,1,0.8070502105003721,0.8683363773150051
401810132,2025-11-23,BOS,ORL,Boston Celtics,Orlando Magic,138,129,1,1581.4846829561614,1558.8755235587266,0.6728882067598472,1,1,0.6728882067598472,0.6694713562000434
401810133,2025-11-23,CLE,LAC,Cleveland Cavaliers,LA Clippers,120,105,1,1617.9870598691398,1513.699605808013,0.7945105448550687,1,1,0.7945105448550687,0.7642229869691998
401810134,2025-11-23,TOR,BKN,Toronto Raptors,Brooklyn Nets,119,109,1,1545.1406857597974,1326.605555380154,0.8420260325988604,1,1,0.8420260325988604,0.8621942617107956
401810135,2025-11-23,OKC,POR,Oklahoma City Thunder,Portland Trail Blazers,122,95,1,1771.6165306152966,1503.2058500485787,0.8899663161649725,1,1,0.8899663161649725,0.8929029394136722
401810136,2025-11-23,PHX,SAS,Phoenix Suns,San Antonio Spurs,111,102,1,1528.727609585438,1521.4778346556857,0.5505993275271528,1,1,0.5505993275271528,0.6496222842626134
401810137,2025-11-23,UTA,LAL,Utah Jazz,Los Angeles Lakers,106,108,0,1357.7136307172213,1608.5350674108463,0.22642456550271908,0,1,0.773575434497281,0.2956294032606875
401810138,2025-11-24,IND,DET,Indiana Pacers,Detroit Pistons,117,122,0,1424.9672746683534,1612.8051287630383,0.24898311931548925,0,1,0.7510168806845108,0.3762172612679744
401810139,2025-11-24,TOR,CLE,Toronto Raptors,Cleveland Cavaliers,110,99,1,1547.4200119424147,1623.4439844725075,0.5130188044530495,1,1,0.5130188044530495,0.5344496094175359
401810140,2025-11-24,BKN,NYK,Brooklyn Nets,New York Knicks,100,113,0,1324.3262291975368,1560.2569262470358,0.19899662427334444,0,1,0.8010033757266556,0.3137856373434337
401810141,2025-11-24,MIA,DAL,Miami Heat,Dallas Mavericks,106,102,1,1591.035625091861,1372.9175663915744,0.7607741978603324,1,1,0.7607741978603324,0.8619087549240473
401810142,2025-11-24,MEM,DEN,Memphis Grizzlies,Denver Nuggets,115,125,0,1478.8647912448105,1644.3709809294523,0.33009635670282667,0,1,0.6699036432971733,0.40683040744068777
401810143,2025-11-24,MIL,POR,Milwaukee Bucks,Portland Trail Blazers,103,115,0,1491.5255245160938,1499.8541544858012,0.689044842139102,1,0,0.689044842139102,0.6289471732426521
401810144,2025-11-24,NOP,CHI,New Orleans Pelicans,Chicago Bulls,143,130,1,1296.0393445324373,1508.7839993005455,0.3017362481554903,0,0,0.6982637518445096,0.3432125752820556
401810145,2025-11-24,PHX,HOU,Phoenix Suns,Houston Rockets,92,114,0,1535.0096458734056,1643.1887634576583,0.39870789504564047,0,1,0.6012921049543596,0.4882314775573838
401810146,2025-11-24,GSW,UTA,Golden State Warriors,Utah Jazz,134,117,1,1572.982697882662,1355.1643386393025,0.8453475942469377,1,1,0.8453475942469377,0.8617032888004728
401810147,2025-11-24,SAC,MIN,Sacramento Kings,Minnesota Timberwolves,117,112,1,1419.5126199907975,1610.600312049043,0.24449992111414226,0,0,0.7555000788858577,0.37183727935574956
401809799,2025-11-25,WAS,ATL,Washington Wizards,Atlanta Hawks,132,113,1,1219.708247027236,1544.0045487721493,0.18006916583107505,0,0,0.819930834168925,0.2156576664606691
401809800,2025-11-25,PHI,ORL,Philadelphia 76ers,Orlando Magic,103,144,0,1409.3831240966242,1553.0156809520959,0.4025443326788055,0,1,0.5974556673211945,0.4375357431822836
401809801,2025-11-25,LAL,LAC,Los Angeles Lakers,LA Clippers,135,118,1,1611.0843594887651,1508.2426812046454,0.7222878402723482,1,1,0.7222878402723482,0.7627200811814505
401809802,2025-11-26,BOS,DET,Boston Celtics,Detroit Pistons,117,114,1,1587.3445255627921,1617.7526306932912,0.5368129572025191,1,1,0.5368129572025191,0.5988325645832976
401809803,2025-11-26,CHA,NYK,Charlotte Hornets,New York Knicks,101,129,0,1313.9828886735681,1567.1922426368178,0.25887326291155105,0,1,0.7411267370884489,0.2927751095525498
401809804,2025-11-26,MIA,MIL,Miami Heat,Milwaukee Bucks,106,103,1,1592.4279627400067,1475.7299971129244,0.6619720399216124,1,1,0.6619720399216124,0.7768518501809171
401809805,2025-11-26,TOR,IND,Toronto Raptors,Indiana Pacers,97,95,1,1557.4797486297693,1420.0197727381005,0.7963746333479674,1,1,0.7963746333479674,0.7968836153699058
401809806,2025-11-26,OKC,MIN,Oklahoma City Thunder,Minnesota Timberwolves,113,105,1,1774.968226178074,1601.064178630806,0.8025556485887735,1,1,0.8025556485887735,0.8287392671457569
401809807,2025-11-26,NOP,MEM,New Orleans Pelicans,Memphis Grizzlies,128,133,0,1313.7299042358352,1470.8414745135651,0.35776545461754555,0,1,0.6422345453824545,0.4185422124905805
401809808,2025-11-26,GSW,HOU,Golden State Warriors,Houston Rockets,100,104,0,1576.2128193079127,1660.1756605386263,0.4504194922877415,0,1,0.5495805077122585,0.5230629495532862
401809809,2025-11-26,POR,SAS,Portland Trail Blazers,San Antonio Spurs,102,115,0,1515.6496818889707,1515.195798367718,0.44717733745363764,0,1,0.5528226625463624,0.6406667124242849
401809810,2025-11-26,SAC,PHX,Sacramento Kings,Phoenix Suns,100,112,0,1429.0487534090344,1518.0227487924376,0.33849443705493815,0,1,0.6615055629450619,0.5158623713396348
401809811,2025-11-28,ATL,CLE,Atlanta Hawks,Cleveland Cavaliers,130,123,1,1513.7841198192045,1613.3842477851529,0.4663369995055218,0,0,0.5336630004944782,0.5005754618613547
401809812,2025-11-28,BKN,PHI,Brooklyn Nets,Philadelphia 76ers,103,115,0,1317.3909128077548,1386.1106001019307,0.4370876643868495,0,1,0.5629123356131505,0.5448947521045258
401809813,2025-11-28,CHA,CHI,Charlotte Hornets,Chicago Bulls,123,116,1,1303.1341366742342,1491.0934395971476,0.37239558953867424,0,0,0.6276044104613258,0.3760532085245091
401809814,2025-11-28,DET,ORL,Detroit Pistons,Orlando Magic,109,112,0,1613.503640014776,1576.2882049467894,0.6081327847378412,1,0,0.6081327847378412,0.6878046056156264
401809815,2025-11-28,IND,WAS,Indiana Pacers,Washington Wizards,119,86,1,1418.370264770092,1249.9286759801807,0.7224488024171062,1,1,0.7224488024171062,0.8242301023929879
401809816,2025-11-28,NYK,MIL,New York Knicks,Milwaukee Bucks,118,109,1,1578.0409946361517,1473.603560965171,0.7302865982214563,1,1,0.7302865982214563,0.7643785156145051
401809817,2025-11-28,OKC,PHX,Oklahoma City Thunder,Phoenix Suns,123,119,1,1777.5191240351385,1530.1349593394614,0.856199562131722,1,1,0.856199562131722,0.8807659961556464
401809818,2025-11-28,DEN,SAS,Denver Nuggets,San Antonio Spurs,136,139,0,1652.3942976606977,1532.2676446814016,0.6890868242690227,1,0,0.6890868242690227,0.7802546344783775
401809819,2025-11-28,UTA,SAC,Utah Jazz,Sacramento Kings,128,119,1,1351.9342172140518,1416.9365428620106,0.5534820064236713,1,1,0.5534820064236713,0.5501960401110404
401809820,2025-11-28,LAL,DAL,Los Angeles Lakers,Dallas Mavericks,129,119,1,1617.06496885658,1371.5252287434287,0.8381546296952814,1,1,0.8381546296952814,0.8796464745897353
401809821,2025-11-28,LAC,MEM,LA Clippers,Memphis Grizzlies,107,112,0,1502.2620718368305,1476.4749620997993,0.6009860461925693,1,0,0.6009860461925693,0.6735067645231975
401810148,2025-11-29,MIN,BOS,Minnesota Timberwolves,Boston Celtics,119,115,1,1598.5132807737416,1591.5935162413073,0.5782447949632213,1,1,0.5782447949632213,0.6491897664073711
401810149,2025-11-29,CHA,TOR,Charlotte Hornets,Toronto Raptors,118,111,1,1314.4270231636822,1559.1292565977778,0.22432064639389032,0,0,0.7756793536061097,0.30301680920453483
401810150,2025-11-29,IND,CHI,Indiana Pacers,Chicago Bulls,103,101,1,1425.1539729214192,1479.8005531076997,0.48635066360824175,0,0,0.5136493363917582,0.5649005988239622
401810151,2025-11-29,MIA,DET,Miami Heat,Detroit Pistons,135,138,0,1594.55439888776,1604.8648337989555,0.5936722946289901,1,0,0.5936722946289901,0.6262809215631048
401810152,2025-11-29,MIL,BKN,Milwaukee Bucks,Brooklyn Nets,116,99,1,1469.6613161916084,1304.3844096435976,0.7832918375435254,1,1,0.7832918375435254,0.8215752552811989
401810153,2025-11-29,GSW,NOP,Golden State Warriors,New Orleans Pelicans,104,96,1,1569.5107478511127,1308.096416649601,0.8515975904038777,1,1,0.8515975904038777,0.888990239713453
401810154,2025-11-29,PHX,DEN,Phoenix Suns,Denver Nuggets,112,130,0,1528.954780210205,1641.8053626290634,0.43325578648580343,0,1,0.5667442135141966,0.4815149539282252
401810155,2025-11-29,LAC,DAL,LA Clippers,Dallas Mavericks,110,114,0,1491.7219862777742,1369.5682567173094,0.6951094412848928,1,0,0.6951094412848928,0.7822487903267156
401810156,2025-11-30,UTA,HOU,Utah Jazz,Houston Rockets,101,129,0,1360.4523552776648,1666.8777319954263,0.20160350226289026,0,1,0.7983964977371097,0.2335666996546038
401810157,2025-11-30,CLE,BOS,Cleveland Cavaliers,Boston Celtics,115,117,0,1604.9838529088163,1587.5058515584021,0.6545448616310864,1,0,0.6545448616310864,0.6629029518701667
401810158,2025-11-30,NYK,TOR,New York Knicks,Toronto Raptors,116,94,1,1581.9832394097143,1545.866867749146,0.7166845603420194,1,1,0.7166845603420194,0.6864444615945136
401810159,2025-11-30,PHI,ATL,Philadelphia 76ers,Atlanta Hawks,134,142,0,1399.117103266088,1522.184514695541,0.406087874441378,0,1,0.5939121255586219,0.4668520184154704
401810160,2025-11-30,POR,OKC,Portland Trail Blazers,Oklahoma City Thunder,115,123,0,1498.577835575287,1778.699303164395,0.18269576700144263,0,1,0.8173042329985574,0.26175582717440354
401810161,2025-11-30,MIN,SAS,Minnesota Timberwolves,San Antonio Spurs,125,112,1,1602.6009454566467,1542.856579713036,0.5638713062667918,1,1,0.5638713062667918,0.7149529512547725
401810162,2025-11-30,SAC,MEM,Sacramento Kings,Memphis Grizzlies,107,115,0,1408.4184047983977,1487.0150476588556,0.4285601865622648,0,1,0.5714398134377352,0.5307630012700734
401810163,2025-11-30,LAL,NOP,Los Angeles Lakers,New Orleans Pelicans,133,121,1,1619.0219408826993,1306.5327404118495,0.9101211023957133,1,1,0.9101211023957133,0.9148603600402712
401810164,2025-12-01,DET,ATL,Detroit Pistons,Atlanta Hawks,99,98,1,1612.4087130710755,1530.5082973795504,0.7254468726414948,1,1,0.7254468726414948,0.7402182008168392
401810165,2025-12-01,IND,CLE,Indiana Pacers,Cleveland Cavaliers,119,135,0,1429.2114395662634,1597.9132238308189,0.36751190019605634,0,1,0.6324880998039437,0.4023989790090665
401810166,2025-12-01,WAS,MIL,Washington Wizards,Milwaukee Bucks,129,126,1,1243.1449678288536,1473.9731878072962,0.2642524212211396,0,0,0.7357475787788603,0.3201445101328869
401810167,2025-12-01,BKN,CHA,Brooklyn Nets,Charlotte Hornets,116,103,1,1300.0725380279098,1327.689412012314,0.5048392950102356,1,1,0.5048392950102356,0.6026863199148453
401810168,2025-12-01,MIA,LAC,Miami Heat,LA Clippers,140,123,1,1587.01051961564,1479.6889863764327,0.699111335389242,1,1,0.699111335389242,0.767355505170403
401810169,2025-12-01,ORL,CHI,Orlando Magic,Chicago Bulls,125,120,1,1584.92701116261,1475.7430864628554,0.7487015408468152,1,1,0.7487015408468152,0.7692639029104729
401810170,2025-12-01,DEN,DAL,Denver Nuggets,Dallas Mavericks,121,131,0,1656.3235364354823,1381.601256618651,0.8624362128235649,1,0,0.8624362128235649,0.8963280455806509
401810171,2025-12-01,UTA,HOU,Utah Jazz,Houston Rockets,133,125,1,1352.1138004822697,1675.2162867908214,0.20786683042849738,0,0,0.7921331695715026,0.21682235873148367
401810172,2025-12-01,LAL,PHX,Los Angeles Lakers,Phoenix Suns,108,125,0,1620.511729765085,1514.436606403786,0.6718324938146079,1,0,0.6718324938146079,0.7660721762170639
401810173,2025-12-02,PHI,WAS,Philadelphia 76ers,Washington Wizards,121,102,1,1390.7933205820786,1251.635200725107,0.8101671498074297,1,1,0.8101671498074297,0.7984612559108741
401810174,2025-12-02,TOR,POR,Toronto Raptors,Portland Trail Blazers,121,118,1,1535.9643521465036,1494.4233588890525,0.6567304184241155,1,1,0.6567304184241155,0.6931261896981985
401810175,2025-12-02,BOS,NYK,Boston Celtics,New York Knicks,123,117,1,1594.5764806363995,1591.8857550123566,0.5475509351838757,1,1,0.5475509351838757,0.6436256018470324
401810176,2025-12-02,NOP,MIN,New Orleans Pelicans,Minnesota Timberwolves,142,149,0,1305.0429515294638,1608.7946561074934,0.20159313489145494,0,1,0.7984068651085451,0.2363331640139338
401810177,2025-12-02,SAS,MEM,San Antonio Spurs,Memphis Grizzlies,126,119,1,1536.6628690621892,1496.8208742846089,0.67668457098293,1,1,0.67668457098293,0.6910419943007987
401810178,2025-12-02,GSW,OKC,Golden State Warriors,Oklahoma City Thunder,112,124,0,1571.0744240888641,1782.8537798506295,0.2703455066515965,0,1,0.7296544933484035,0.34446624458144753
401810179,2025-12-03,CLE,POR,Cleveland Cavaliers,Portland Trail Blazers,110,122,0,1608.6380905146707,1491.3411393681217,0.7998049953885306,1,0,0.7998049953885306,0.7774490074287267
401810180,2025-12-03,IND,DEN,Indiana Pacers,Denver Nuggets,120,135,0,1418.4865728824116,1629.7558009452962,0.23335706710436846,0,1,0.7666429328956316,0.34512964298365556
401810181,2025-12-03,ORL,SAS,Orlando Magic,San Antonio Spurs,112,114,0,1587.709005492974,1541.338204425594,0.7142737673861874,1,0,0.7142737673861874,0.6990079075733864
401810182,2025-12-03,ATL,LAC,Atlanta Hawks,LA Clippers,92,115,0,1528.6750433702407,1473.8432377019424,0.6730956697868427,1,0,0.6730956697868427,0.7091549748245651
401810183,2025-12-03,NYK,CHA,New York Knicks,Charlotte Hornets,119,104,1,1586.7926722053842,1318.4859557823631,0.8293016664686699,1,1,0.8293016664686699,0.8928456963063243
401810184,2025-12-03,CHI,BKN,Chicago Bulls,Brooklyn Nets,103,113,0,1472.9610921324913,1309.2759942578607,0.747651947307741,1,0,0.747651947307741,0.8202280692974636
401810185,2025-12-03,HOU,SAC,Houston Rockets,Sacramento Kings,121,95,1,1657.9051307342977,1398.6125781726444,0.8719796204885326,1,1,0.8719796204885326,0.8877791486527548
401810186,2025-12-03,MIL,DET,Milwaukee Bucks,Detroit Pistons,113,109,1,1465.4829549110427,1614.2419670803852,0.39394281039477835,0,0,0.6060571896052216,0.43028721104605855
401810187,2025-12-03,DAL,MIA,Dallas Mavericks,Miami Heat,118,108,1,1408.168992108837,1592.8562682901304,0.34215030763404713,0,0,0.6578496923659529,0.3804828808872158
401810188,2025-12-04,PHI,GSW,Philadelphia 76ers,Golden State Warriors,99,98,1,1396.1418528950583,1563.7158837198078,0.3711084263041098,0,0,0.6288915736958902,0.4039610896631812
401810189,2025-12-04,WAS,BOS,Washington Wizards,Boston Celtics,101,146,0,1246.2866684121275,1599.669563443372,0.15186439061080312,0,1,0.8481356093891969,0.18868319941708622
401810190,2025-12-04,BKN,UTA,Brooklyn Nets,Utah Jazz,110,123,0,1330.8510764854243,1369.4249565387934,0.46078521230503544,0,1,0.5392147876949646,0.5874896106918258
401810191,2025-12-04,TOR,LAL,Toronto Raptors,Los Angeles Lakers,120,123,0,1539.0465716674344,1593.6395321913003,0.47420550779724957,0,1,0.5257944922027504,0.5649764620994924
401810192,2025-12-04,NOP,MIN,New Orleans Pelicans,Minnesota Timberwolves,116,125,0,1301.6238407072317,1612.2137669297256,0.19999870184589308,0,1,0.8000012981541069,0.22930264036850187
401810193,2025-12-05,BOS,LAL,Boston Celtics,Los Angeles Lakers,126,105,1,1608.9279511247119,1600.1947900438954,0.6194166164017554,1,1,0.6194166164017554,0.651563394313242
401810194,2025-12-05,ORL,MIA,Orlando Magic,Miami Heat,106,105,1,1580.0580855908747,1579.063728345131,0.6142234614218385,1,1,0.6142234614218385,0.6413826407042296
401810195,2025-12-05,ATL,DEN,Atlanta Hawks,Denver Nuggets,133,134,0,1499.425589948462,1638.2894540421757,0.3659223395442335,0,1,0.6340776604557665,0.44430251466446213
401810196,2025-12-05,CLE,SAS,Cleveland Cavaliers,San Antonio Spurs,130,117,1,1586.7378841718694,1548.9891243276934,0.6055236796721075,1,1,0.6055236796721075,0.6884634583576958
401810197,2025-12-05,DET,POR,Detroit Pistons,Portland Trail Blazers,122,116,1,1606.7433184593085,1513.241345710923,0.7271022658152393,1,1,0.7271022658152393,0.7528530384172053
401810198,2025-12-05,NYK,UTA,New York Knicks,Utah Jazz,146,112,1,1589.021340995406,1384.5657536616836,0.8684980644132935,1,1,0.8684980644132935,0.8522788317598785
401810199,2025-12-05,TOR,CHA,Toronto Raptors,Charlotte Hornets,86,111,0,1532.4913138148393,1316.2572869923413,0.771930583809199,1,0,0.771930583809199,0.8606128442076861
401810200,2025-12-05,CHI,IND,Chicago Bulls,Indiana Pacers,105,120,0,1451.3860099049277,1409.952919785532,0.6420114551948894,1,0,0.6420114551948894,0.6929940558772947
401810201,2025-12-05,HOU,PHX,Houston Rockets,Phoenix Suns,117,98,1,1661.3425752843145,1541.3088039775707,0.713071344408148,1,1,0.713071344408148,0.7801629476654168
401810202,2025-12-05,MEM,LAC,Memphis Grizzlies,LA Clippers,107,98,1,1492.145538921204,1503.0926911237211,0.5750158194383058,1,1,0.5750158194383058,0.6254226645399602
401810203,2025-12-05,MIL,PHI,Milwaukee Bucks,Philadelphia 76ers,101,116,0,1472.9816035321194,1401.235482851514,0.7319549595176676,1,0,0.7319549595176676,0.7288212179122134
401810204,2025-12-05,OKC,DAL,Oklahoma City Thunder,Dallas Mavericks,132,111,1,1790.2123202196858,1421.9615320538364,0.9216754965009468,1,1,0.9216754965009468,0.9367587032708963
401810205,2025-12-06,BKN,NOP,Brooklyn Nets,New Orleans Pelicans,119,101,1,1315.710279362534,1297.8034788822547,0.5984222096022291,1,1,0.5984222096022291,0.6634543174848222
401810206,2025-12-06,WAS,ATL,Washington Wizards,Atlanta Hawks,116,131,0,1237.0282807307876,1495.9422291334045,0.27005801247106914,0,1,0.7299419875289308,0.28602224443328406
401810207,2025-12-06,CLE,GSW,Cleveland Cavaliers,Golden State Warriors,94,99,0,1593.6144701603623,1558.622253763352,0.5849417720860756,1,0,0.5849417720860756,0.685049941882484
401810208,2025-12-06,DET,MIL,Detroit Pistons,Milwaukee Bucks,124,112,1,1610.0531862503558,1450.230800648949,0.7586724074135875,1,1,0.7586724074135875,0.8169259711334405
401810209,2025-12-06,MIA,SAC,Miami Heat,Sacramento Kings,111,127,0,1576.3814458736683,1395.1751336226275,0.7530452168007178,1,0,0.7530452168007178,0.8346231720941589
401810210,2025-12-06,MIN,LAC,Minnesota Timberwolves,LA Clippers,109,106,1,1616.0341287547026,1496.285506641045,0.7910852311601656,1,1,0.7910852311601656,0.7798812950904821
401810211,2025-12-06,DAL,HOU,Dallas Mavericks,Houston Rockets,122,109,1,1420.402116171227,1667.2526159637005,0.26999770189796735,0,0,0.7300022981020327,0.30041143154841804
401810212,2025-12-07,NYK,ORL,New York Knicks,Orlando Magic,106,100,1,1594.7138606642293,1582.7403680623374,0.6015941315487586,1,1,0.6015941315487586,0.655786062743038
401810213,2025-12-07,TOR,BOS,Toronto Raptors,Boston Celtics,113,121,0,1488.31647741738,1619.7931414478496,0.3910845487036714,0,1,0.6089154512963286,0.4548249680186138
401810214,2025-12-07,CHA,DEN,Charlotte Hornets,Denver Nuggets,106,115,0,1360.4321233898006,1641.7728148572332,0.2093357474903895,0,1,0.7906642525096105,0.26040185983735525
401810215,2025-12-07,MEM,POR,Memphis Grizzlies,Portland Trail Blazers,119,96,1,1498.95272340388,1509.9314779198758,0.608227457367317,1,1,0.608227457367317,0.6253800458992975
401810216,2025-12-07,CHI,GSW,Chicago Bulls,Golden State Warriors,91,123,0,1430.3451081832923,1569.4314915209281,0.4751270936279885,0,1,0.5248729063720114,0.4439862800297499
401810217,2025-12-07,PHI,LAL,Philadelphia 76ers,Los Angeles Lakers,108,112,0,1423.9862857346843,1589.3295997207576,0.34674437286393,0,1,0.65325562713607,0.4070566853626646
401810218,2025-12-07,UTA,OKC,Utah Jazz,Oklahoma City Thunder,101,131,0,1378.8732339928604,1791.7717361022953,0.09919977997142301,0,1,0.900800220028577,0.14170644307164412
401810219,2025-12-08,IND,SAC,Indiana Pacers,Sacramento Kings,116,105,1,1430.9938215071675,1425.454080335741,0.61327103496854,1,1,0.61327103496854,0.6473784313758385
401810220,2025-12-08,MIN,PHX,Minnesota Timberwolves,Phoenix Suns,105,108,0,1618.1273427645708,1535.3987632981848,0.6685932882979865,1,0,0.6685932882979865,0.7411338782687001
401810221,2025-12-08,NOP,SAS,New Orleans Pelicans,San Antonio Spurs,132,135,0,1288.4355907507952,1542.1125383392005,0.24570242173684181,0,1,0.7542975782631582,0.2922180860354587
401809833,2025-12-09,ORL,MIA,Orlando Magic,Miami Heat,117,108,1,1577.8546033485968,1546.1024991605548,0.6306096134921823,1,1,0.6306096134921823,0.6810119207240634
401809834,2025-12-09,TOR,NYK,Toronto Raptors,New York Knicks,101,117,0,1480.2603469843382,1599.59962537797,0.3876946416025181,0,1,0.6123053583974819,0.47219724954777953
401809835,2025-12-10,OKC,PHX,Oklahoma City Thunder,Phoenix Suns,138,89,1,1796.7279349150285,1545.1043441431318,0.8720149302449078,1,1,0.8720149302449078,0.8833051273300809
401809836,2025-12-10,LAL,SAS,Los Angeles Lakers,San Antonio Spurs,119,132,0,1594.2225741660109,1545.0221810952198,0.6382876546188919,1,0,0.6382876546188919,0.702423779819308
401836746,2025-12-11,HOU,LAC,Houston Rockets,LA Clippers,115,113,1,1647.8266303324658,1494.1922926311768,0.7740056015867358,1,1,0.7740056015867358,0.8115382745325803
401836747,2025-12-11,MIL,BOS,Milwaukee Bucks,Boston Celtics,116,101,1,1446.703417536479,1627.8492718808914,0.3707755833860938,0,0,0.6292244166139063,0.38529976454202725
401836748,2025-12-11,NOP,POR,New Orleans Pelicans,Portland Trail Blazers,143,120,1,1285.5259479947758,1497.293986835666,0.3417977238093095,0,0,0.6582022761906905,0.34448095517198146
401836749,2025-12-11,SAC,DEN,Sacramento Kings,Denver Nuggets,105,136,0,1418.2930124251413,1646.1999706568859,0.21718940646158497,0,1,0.7828105935384151,0.3238155920414717
401836750,2025-12-12,CHA,CHI,Charlotte Hornets,Chicago Bulls,126,129,0,1356.004967590148,1410.6108543682444,0.5235619031842784,1,0,0.5235619031842784,0.5649581737883863
401836751,2025-12-12,DET,ATL,Detroit Pistons,Atlanta Hawks,142,115,1,1613.5805693628258,1502.7752396778276,0.7090145771508459,1,1,0.7090145771508459,0.7709164158065172
401836752,2025-12-12,PHI,IND,Philadelphia 76ers,Indiana Pacers,115,105,1,1419.093311289431,1438.1548894177672,0.5913134252721058,1,1,0.5913134252721058,0.6144173868805585
401836753,2025-12-12,WAS,CLE,Washington Wizards,Cleveland Cavaliers,126,130,0,1230.1952701863645,1582.8052324027863,0.1491303697546468,0,1,0.8508696302453532,0.18936525915075972
401836754,2025-12-12,MEM,UTA,Memphis Grizzlies,Utah Jazz,126,130,0,1511.59021448809,1373.9170351801272,0.7628512743208763,1,0,0.7628512743208763,0.797082193512747
401836795,2025-12-12,DAL,BKN,Dallas Mavericks,Brooklyn Nets,119,111,1,1439.8281018024616,1325.0781674939935,0.6929618061326569,1,1,0.6929618061326569,0.7749018756040494
401836796,2025-12-12,GSW,MIN,Golden State Warriors,Minnesota Timberwolves,120,127,0,1589.165745335976,1608.4217619196238,0.5361785822432515,1,0,0.5361785822432515,0.614152186358386
401809837,2025-12-13,ORL,NYK,Orlando Magic,New York Knicks,120,132,0,1583.4724264684544,1612.6741937367306,0.5003912813614392,1,0,0.5003912813614392,0.6004996430128695
401809838,2025-12-13,OKC,SAS,Oklahoma City Thunder,San Antonio Spurs,109,111,0,1802.4581739346206,1564.5685311074644,0.8531056162301169,1,0,0.8531056162301169,0.8749057963550573
401836797,2025-12-14,IND,WAS,Indiana Pacers,Washington Wizards,89,108,0,1430.6387832366797,1228.202711047883,0.7921014098487216,1,0,0.7921014098487216,0.8508092133995836
401836798,2025-12-14,ATL,PHI,Atlanta Hawks,Philadelphia 76ers,120,117,1,1494.832371156123,1426.6094174705186,0.6669901620246766,1,1,0.6669901620246766,0.7247943181982818
401836799,2025-12-14,CLE,CHA,Cleveland Cavaliers,Charlotte Hornets,111,119,0,1584.7977915412678,1349.4499922716898,0.8393724840058426,1,0,0.8393724840058426,0.8732955803370703
401836800,2025-12-14,BKN,MIL,Brooklyn Nets,Milwaukee Bucks,127,82,1,1321.5899682589597,1464.4044992661993,0.3597633965606247,0,0,0.6402366034393753,0.43869494258921327
401836801,2025-12-14,MIN,SAC,Minnesota Timberwolves,Sacramento Kings,117,103,1,1619.468781765731,1405.1365314432946,0.8438359644885502,1,1,0.8438359644885502,0.8592944074427122
401836802,2025-12-14,POR,GSW,Portland Trail Blazers,Golden State Warriors,136,131,1,1471.2796978039203,1578.118725489869,0.398721643249532,0,0,0.601278356750468,0.4901591189883913
401836804,2025-12-14,CHI,NOP,Chicago Bulls,New Orleans Pelicans,104,114,0,1417.1658296867026,1311.5402370265215,0.683735227720102,1,0,0.683735227720102,0.765608125440095
401839699,2025-12-14,PHX,LAL,Phoenix Suns,Los Angeles Lakers,114,116,0,1539.3741051235397,1574.6762241537663,0.4568591632304291,0,1,0.5431408367695709,0.5920462485451328
401836803,2025-12-15,BOS,DET,Boston Celtics,Detroit Pistons,105,112,0,1610.148190151171,1621.5234378845305,0.556708433178717,1,0,0.556708433178717,0.6248451731202355
401836805,2025-12-15,UTA,DAL,Utah Jazz,Dallas Mavericks,140,133,1,1386.3661806376697,1443.3163010374954,0.46398264162227876,0,0,0.5360173583777212,0.5616386318399367
401836806,2025-12-15,DEN,HOU,Denver Nuggets,Houston Rockets,128,125,1,1659.3564516387326,1649.3406645026043,0.6208948058991317,1,1,0.6208948058991317,0.653237753039465
401836807,2025-12-15,LAC,MEM,LA Clippers,Memphis Grizzlies,103,121,0,1492.6782584610382,1499.1410690305474,0.5480446356938361,1,0,0.5480446356938361,0.6314502258791395
401839023,2025-12-15,MIA,TOR,Miami Heat,Toronto Raptors,96,106,0,1540.4846760406972,1467.1857786255775,0.6670836492313753,1,0,0.6670836492313753,0.7305842133038248
401810222,2025-12-17,CHI,CLE,Chicago Bulls,Cleveland Cavaliers,127,111,1,1398.1470021469192,1563.1258324625558,0.3403811046745036,0,0,0.6596188953254964,0.40756319344713077
401810223,2025-12-17,MIN,MEM,Minnesota Timberwolves,Memphis Grizzlies,110,116,0,1622.360927965494,1519.9314109907384,0.7057829629954047,1,0,0.7057829629954047,0.7622904263770052
401810224,2025-12-18,OKC,LAC,Oklahoma City Thunder,LA Clippers,122,101,1,1790.8712366770617,1471.8879165008473,0.9179494205120106,1,1,0.9179494205120106,0.9177273694538085
401810225,2025-12-18,SAS,WAS,San Antonio Spurs,Washington Wizards,119,94,1,1576.1554683650234,1263.6873633937653,0.8987833709066452,1,1,0.8987833709066452,0.9148509008489119
401810226,2025-12-18,CHA,ATL,Charlotte Hornets,Atlanta Hawks,133,126,1,1371.1219513504018,1497.5445144504233,0.39878423568998034,0,0,0.6012157643100197,0.4620480137403348
401810227,2025-12-18,IND,NYK,Indiana Pacers,New York Knicks,113,114,0,1395.1541308907974,1627.4883316930193,0.22662684816614473,0,1,0.7733731518338552,0.318260607420581
401810228,2025-12-18,BKN,MIA,Brooklyn Nets,Miami Heat,95,106,0,1355.8901713338062,1522.8807898191951,0.369641231990899,0,1,0.630358768009101,0.4047699716140184
401810229,2025-12-18,MIL,TOR,Milwaukee Bucks,Toronto Raptors,105,111,0,1430.104296191353,1484.7896648470796,0.5220771424657578,1,0,0.5220771424657578,0.5648457174275755
401810230,2025-12-18,NOP,HOU,New Orleans Pelicans,Houston Rockets,133,128,1,1330.5590645663049,1645.7770755467368,0.20255705015788703,0,0,0.797442949842113,0.22462847966780308
401810231,2025-12-18,DAL,DET,Dallas Mavericks,Detroit Pistons,116,114,1,1436.186199068485,1632.839064248265,0.30643961530139036,0,0,0.6935603846986096,0.3643857913501168
401810232,2025-12-18,DEN,ORL,Denver Nuggets,Orlando Magic,126,115,1,1662.9200405946,1568.6582885121657,0.6937762091840881,1,1,0.6937762091840881,0.7536659212459471
401810233,2025-12-18,PHX,GSW,Phoenix Suns,Golden State Warriors,99,98,1,1533.340438347606,1570.9033651762538,0.5014963131131711,1,1,0.5014963131131711,0.5888992225760586
401810234,2025-12-18,UTA,LAL,Utah Jazz,Los Angeles Lakers,135,143,0,1393.49628260668,1580.7098909297,0.278231356412056,0,1,0.721768643587944,0.37706093811253216
401810235,2025-12-18,POR,SAC,Portland Trail Blazers,Sacramento Kings,134,133,1,1478.4950581175353,1402.2443852435315,0.6816060833467045,1,1,0.6816060833467045,0.7339155894616246
401810236,2025-12-19,BOS,MIA,Boston Celtics,Miami Heat,129,116,1,1598.8325637874366,1531.3414992242174,0.7619140250027137,1,1,0.7619140250027137,0.7239531477065627
401810237,2025-12-19,NYK,PHI,New York Knicks,Philadelphia 76ers,107,116,0,1629.8147969566537,1423.8972741762182,0.7790812149927482,1,0,0.7790812149927482,0.8533352117253389
401810238,2025-12-19,ATL,SAS,Atlanta Hawks,San Antonio Spurs,98,126,0,1488.297728578328,1578.6103576257935,0.4654091069556038,0,1,0.5345908930443962,0.5139376357914226
401810239,2025-12-19,CLE,CHI,Cleveland Cavaliers,Chicago Bulls,125,136,0,1545.5547891416354,1415.7180454678396,0.7394238083177893,1,0,0.7394238083177893,0.7896881430273804
401810240,2025-12-19,MIN,OKC,Minnesota Timberwolves,Oklahoma City Thunder,112,107,1,1608.2936533603552,1792.959816729045,0.33027845103149983,0,0,0.6697215489685002,0.38051152903386765
401810241,2025-12-20,DEN,HOU,Denver Nuggets,Houston Rockets,101,115,0,1667.6153018406726,1632.5941524354225,0.638735639055068,1,0,0.638735639055068,0.6850858754079951
401810242,2025-12-20,PHI,DAL,Philadelphia 76ers,Dallas Mavericks,121,114,1,1445.892755589008,1442.8433484855427,0.542596565460994,1,1,0.542596565460994,0.6440990533862643
401810243,2025-12-20,TOR,BOS,Toronto Raptors,Boston Celtics,96,112,0,1493.853853949883,1604.7979312465825,0.47051517530754605,0,1,0.529484824692454,0.48425541376579745
401810244,2025-12-20,NOP,IND,New Orleans Pelicans,Indiana Pacers,128,109,1,1343.7419876776191,1392.827665627163,0.5120252581263166,1,1,0.5120252581263166,0.5727515656607748
401810245,2025-12-20,DET,CHA,Detroit Pistons,Charlotte Hornets,112,86,1,1626.1819148312072,1380.3687372224972,0.847654375573162,1,1,0.847654375573162,0.8798130156064529
401810246,2025-12-20,MEM,WAS,Memphis Grizzlies,Washington Wizards,122,130,0,1533.9986855958773,1261.232474132995,0.8632869690278443,1,0,0.8632869690278443,0.8952770380305253
401810247,2025-12-20,GSW,PHX,Golden State Warriors,Phoenix Suns,119,116,1,1567.7381987766128,1536.5056047472472,0.6474253918085389,1,1,0.6474253918085389,0.6803619201458587
401810248,2025-12-20,UTA,ORL,Utah Jazz,Orlando Magic,127,128,0,1387.0959337017034,1563.9630272660931,0.31025422837125344,0,1,0.6897457716287465,0.39114958427395424
401810249,2025-12-20,SAC,POR,Sacramento Kings,Portland Trail Blazers,93,98,0,1400.3592161690542,1480.3802271920126,0.45194556377321915,0,1,0.5480544362267809,0.5287204264708194
401810250,2025-12-20,LAC,LAL,LA Clippers,Los Angeles Lakers,103,88,1,1469.7993364488639,1587.1102398346766,0.37407991266374013,0,0,0.6259200873362598,0.475108202079499
401810251,2025-12-21,ATL,CHI,Atlanta Hawks,Chicago Bulls,150,152,0,1466.7526859887028,1437.0272439089272,0.6165485379925512,1,0,0.6165485379925512,0.678472238546394
401810252,2025-12-21,BKN,TOR,Brooklyn Nets,Toronto Raptors,96,81,1,1347.429461928784,1480.356137996458,0.5052061378541995,1,1,0.5052061378541995,0.45275605939538033
401810253,2025-12-21,NYK,MIA,New York Knicks,Miami Heat,132,125,1,1607.819315543864,1525.3761317650715,0.7233184699721017,1,1,0.7233184699721017,0.7408185615707737
401810254,2025-12-21,WAS,SAS,Washington Wizards,San Antonio Spurs,113,124,0,1284.3976172779917,1600.1554002154187,0.13030170429132537,0,1,0.8696982957086746,0.224087764075568
401810255,2025-12-21,MIN,MIL,Minnesota Timberwolves,Milwaukee Bucks,103,100,1,1617.6462801914256,1421.0401070885496,0.7486838638220163,1,1,0.7486838638220163,0.8464990575780753
401810256,2025-12-21,SAC,HOU,Sacramento Kings,Houston Rockets,125,124,1,1392.7967352134349,1652.3509371043717,0.2370073590015064,0,0,0.7629926409984936,0.285270189982242
401810257,2025-12-22,CLE,CHA,Cleveland Cavaliers,Charlotte Hornets,139,132,1,1524.2455907005478,1376.6561853102955,0.7869800313467842,1,1,0.7869800313467842,0.8061584416512759
401810258,2025-12-22,BOS,IND,Boston Celtics,Indiana Pacers,103,95,1,1618.2956472000074,1379.8484432054108,0.8330774662604574,1,1,0.8330774662604574,0.8752566484355391
401810259,2025-12-22,NOP,DAL,New Orleans Pelicans,Dallas Mavericks,119,113,1,1356.7212100993713,1437.311194843198,0.4792950627928183,0,0,0.5207049372071817,0.5279042330720083
401810260,2025-12-22,DEN,UTA,Denver Nuggets,Utah Jazz,135,112,1,1647.8585171717234,1384.1171279230728,0.8693982753739539,1,1,0.8693982753739539,0.890305335782519
401810261,2025-12-22,OKC,MEM,Oklahoma City Thunder,Memphis Grizzlies,119,103,1,1783.6071898979746,1510.8335424508807,0.8860085305509308,1,1,0.8860085305509308,0.8952810511877201
401810262,2025-12-22,GSW,ORL,Golden State Warriors,Orlando Magic,120,97,1,1570.9725817380302,1566.9418330447238,0.5685139059466163,1,1,0.5685139059466163,0.6453929607072151
401810263,2025-12-22,POR,DET,Portland Trail Blazers,Detroit Pistons,102,110,0,1487.942708147632,1629.8944667434089,0.3363617356660258,0,1,0.6636382643339742,0.4399182761427984
401810264,2025-12-23,CHA,WAS,Charlotte Hornets,Washington Wizards,126,109,1,1373.933904769194,1280.1890225365191,0.6880617107860506,1,1,0.6880617107860506,0.7531131214722113
401810265,2025-12-23,PHI,BKN,Philadelphia 76ers,Brooklyn Nets,106,114,0,1451.4249092313526,1362.5637141443822,0.6833613569014628,1,0,0.6833613569014628,0.7478488980964818
401810266,2025-12-23,ATL,CHI,Atlanta Hawks,Chicago Bulls,123,126,0,1459.436876999562,1444.343052898068,0.6068512996733949,1,0,0.6068512996733949,0.6598292314109679
401810267,2025-12-23,CLE,NOP,Cleveland Cavaliers,New Orleans Pelicans,141,118,1,1526.9678712416494,1363.9107473579797,0.8088975477443643,1,1,0.8088975477443643,0.8196944194137662
401810268,2025-12-23,IND,MIL,Indiana Pacers,Milwaukee Bucks,94,111,0,1378.0659104576796,1419.6529327297892,0.40833188374692786,0,1,0.5916681162530721,0.5832798340654491
401810269,2025-12-23,MIA,TOR,Miami Heat,Toronto Raptors,91,112,0,1521.5706886363496,1465.2218857808598,0.6538546321006733,1,0,0.6538546321006733,0.7109528023130046
401810270,2025-12-23,DAL,DEN,Dallas Mavericks,Denver Nuggets,131,130,1,1430.1216575845897,1650.9290163734065,0.28221383664314714,0,0,0.7177861633568529,0.33282777462369834
401810271,2025-12-23,MIN,NYK,Minnesota Timberwolves,New York Knicks,115,104,1,1619.033454550186,1611.6247586725858,0.5287139310073707,1,1,0.5287139310073707,0.649830481404727
401810272,2025-12-23,SAS,OKC,San Antonio Spurs,Oklahoma City Thunder,130,110,1,1604.3639949568912,1785.87522072712,0.36168997497390043,0,0,0.6383100250260996,0.38480174374093423
401810273,2025-12-23,PHX,LAL,Phoenix Suns,Los Angeles Lakers,132,108,1,1533.2712217858298,1572.7780358321356,0.47485141429560446,0,0,0.5251485857043956,0.5861875094427443
401810274,2025-12-23,UTA,MEM,Utah Jazz,Memphis Grizzlies,128,137,0,1381.0466287213897,1508.5655116217354,0.4137754385417922,0,1,0.5862245614582078,0.4604797535043709
401810275,2025-12-23,POR,ORL,Portland Trail Blazers,Orlando Magic,106,110,0,1480.2137919066236,1555.1120644512123,0.48061033459847186,0,1,0.5193896654015282,0.5360615660698967
401810276,2025-12-23,SAC,DET,Sacramento Kings,Detroit Pistons,127,136,0,1399.4198846048816,1637.6233829844173,0.28373000073607857,0,1,0.7162699992639214,0.31097537364523775
401810277,2025-12-23,LAC,HOU,LA Clippers,Houston Rockets,128,108,1,1484.1315404514048,1645.727787712925,0.346218170807255,0,0,0.6537818291927451,0.41227307300045396
401809238,2025-12-25,NYK,CLE,New York Knicks,Cleveland Cavaliers,126,124,1,1604.5232783847039,1532.3507087211794,0.6409565385962982,1,1,0.6409565385962982,0.7293061214949333
401809239,2025-12-25,OKC,SAS,Oklahoma City Thunder,San Antonio Spurs,102,117,0,1764.3150812799129,1625.9241344040984,0.7747220525365405,1,0,0.7747220525365405,0.7977496599222055
401809240,2025-12-25,GSW,DAL,Golden State Warriors,Dallas Mavericks,126,116,1,1582.8023503315417,1436.0919644971686,0.7504171597026302,1,1,0.7504171597026302,0.8053664986505621
401809241,2025-12-25,LAL,HOU,Los Angeles Lakers,Houston Rockets,96,119,0,1558.0773165429734,1625.475569967661,0.4989034463636778,0,1,0.5010965536363222,0.5467804634685233
401809242,2025-12-25,DEN,MIN,Denver Nuggets,Minnesota Timberwolves,142,138,1,1644.9587094608275,1626.134934838068,0.6297954121873841,1,1,0.6297954121873841,0.6646319025263214
401810278,2025-12-26,ATL,MIA,Atlanta Hawks,Miami Heat,111,126,0,1451.3109795384237,1494.027787936872,0.5446672199915239,1,0,0.5446672199915239,0.5816981957878843
401810279,2025-12-26,ORL,CHA,Orlando Magic,Charlotte Hornets,105,120,0,1562.0315184416852,1380.1958648229493,0.7555224840838137,1,0,0.7555224840838137,0.8351226087758982
401810280,2025-12-26,WAS,TOR,Washington Wizards,Toronto Raptors,138,117,1,1273.9270624827639,1492.7647864803373,0.26237153446480144,0,0,0.7376284655351986,0.33535019934481985
401810281,2025-12-26,IND,BOS,Indiana Pacers,Boston Celtics,122,140,0,1360.1411261312935,1620.0781799477386,0.2370320764274395,0,1,0.7629679235725605,0.2848210526355179
401810282,2025-12-26,CHI,PHI,Chicago Bulls,Philadelphia 76ers,109,102,1,1452.4689503592062,1435.4280561965243,0.5710931880171222,1,1,0.5710931880171222,0.662340446892084
401810283,2025-12-26,MEM,MIL,Memphis Grizzlies,Milwaukee Bucks,125,104,1,1517.3368719811167,1437.5777170561753,0.6286046788054439,1,1,0.6286046788054439,0.7378409442594429
401810284,2025-12-26,NOP,PHX,New Orleans Pelicans,Phoenix Suns,108,115,0,1358.5279098784497,1547.971941074992,0.3242199871330227,0,1,0.6757800128669773,0.3740499496983584
401810285,2025-12-26,UTA,DET,Utah Jazz,Detroit Pistons,131,129,1,1372.2752683620083,1643.0746393385043,0.22273469610383181,0,0,0.7772653038961682,0.27225725301390225
401810286,2025-12-26,POR,LAC,Portland Trail Blazers,LA Clippers,103,119,0,1473.2943379161507,1504.3837581966689,0.5009909945560284,1,0,0.5009909945560284,0.597890018395906
401810287,2025-12-27,SAC,DAL,Sacramento Kings,Dallas Mavericks,113,107,1,1393.9686282507946,1432.718211757198,0.5006863975706769,1,1,0.5006863975706769,0.587244473350806
401810288,2025-12-27,ORL,DEN,Orlando Magic,Denver Nuggets,127,126,1,1532.998117919448,1648.8324576366292,0.3432918380648277,0,0,0.6567081619351722,0.47722831733149784
401810289,2025-12-27,NOP,PHX,New Orleans Pelicans,Phoenix Suns,114,123,0,1352.6545883742085,1553.8452625792331,0.33282646838426283,0,1,0.6671735316157372,0.3583574674846868
401810290,2025-12-27,ATL,NYK,Atlanta Hawks,New York Knicks,125,128,0,1434.8953657246802,1606.8225002748309,0.31898367530639427,0,1,0.6810163246936057,0.3979423954741444
401810291,2025-12-27,MIA,IND,Miami Heat,Indiana Pacers,142,116,1,1510.4434017506155,1352.449351621565,0.7851824877358572,1,1,0.7851824877358572,0.8153466587477155
401810292,2025-12-27,CHI,MIL,Chicago Bulls,Milwaukee Bucks,103,112,0,1457.6638394532845,1429.8089926236516,0.6088815035921633,1,0,0.6088815035921633,0.6761187217317928
401810293,2025-12-27,HOU,CLE,Houston Rockets,Cleveland Cavaliers,117,100,1,1645.7634999838065,1530.0514868310524,0.6635676037358665,1,1,0.6635676037358665,0.7758664220648607
401810294,2025-12-27,MIN,BKN,Minnesota Timberwolves,Brooklyn Nets,107,123,0,1622.2611866622663,1378.5605671792105,0.7977955698659476,1,0,0.7977955698659476,0.8785211498158759
401810295,2025-12-27,SAS,UTA,San Antonio Spurs,Utah Jazz,114,127,0,1652.467174908634,1380.421006500951,0.8941739247583989,1,0,0.8941739247583989,0.8948877912506709
401810296,2025-12-28,TOR,GSW,Toronto Raptors,Golden State Warriors,141,127,1,1467.8695816193579,1586.1761030715122,0.41663995823593664,0,0,0.5833600417640634,0.47367915137149813
401810297,2025-12-28,OKC,PHI,Oklahoma City Thunder,Philadelphia 76ers,129,104,1,1737.7720407753773,1430.233167102446,0.8845669593909066,1,1,0.8845669593909066,0.9126143521693054
401810298,2025-12-28,WAS,MEM,Washington Wizards,Memphis Grizzlies,116,112,1,1298.8222673437433,1525.1055964136403,0.2562812792917767,0,0,0.7437187207082233,0.3258654228556612
401810299,2025-12-28,POR,BOS,Portland Trail Blazers,Boston Celtics,114,108,1,1455.5025271893378,1627.769954457467,0.27932688699889113,0,0,0.7206731130011088,0.3974731720814094
401810300,2025-12-28,LAC,DET,LA Clippers,Detroit Pistons,112,99,1,1522.1755689234817,1634.9289011995616,0.38364225620873393,0,0,0.6163577437912661,0.48165471828886
401810301,2025-12-28,LAL,SAC,Los Angeles Lakers,Sacramento Kings,125,101,1,1537.789386526828,1400.0539004690359,0.826363581930534,1,1,0.826363581930534,0.7971401988268941
401810302,2025-12-29,CHA,MIL,Charlotte Hornets,Milwaukee Bucks,113,123,0,1409.2292653451864,1444.4711428820538,0.5229491138191829,1,0,0.5229491138191829,0.5921300022688037
401810303,2025-12-29,WAS,PHX,Washington Wizards,Phoenix Suns,101,115,0,1308.3074774764384,1560.299182341434,0.22168708158609646,0,1,0.7783129184139035,0.294228555997424
401810304,2025-12-29,BKN,GSW,Brooklyn Nets,Golden State Warriors,107,120,0,1412.629785101502,1572.436132136023,0.46132821542658514,0,1,0.5386717845734148,0.4147718872138052
401810305,2025-12-29,MIA,DEN,Miami Heat,Denver Nuggets,147,123,1,1516.479477566747,1644.5522450988647,0.4056474952468849,0,0,0.5943525047531151,0.4596877297431916
401810306,2025-12-29,TOR,ORL,Toronto Raptors,Orlando Magic,107,106,1,1481.6095525548471,1537.2783304572126,0.48340986650280043,0,0,0.5165901334971996,0.5634537746530882
401810307,2025-12-29,CHI,MIN,Chicago Bulls,Minnesota Timberwolves,101,136,0,1443.0016891948824,1588.1919687399748,0.3873280267097772,0,1,0.6126719732902228,0.4353302373300046
401810308,2025-12-29,HOU,IND,Houston Rockets,Indiana Pacers,126,119,1,1651.363151733037,1346.4132758054336,0.8816884147219713,1,1,0.8816884147219713,0.9114184777521281
401810309,2025-12-29,NOP,NYK,New Orleans Pelicans,New York Knicks,125,130,0,1346.2006686120076,1611.0298870573238,0.2099239838146013,0,1,0.7900760161853987,0.2791195247058839
401810310,2025-12-29,OKC,ATL,Oklahoma City Thunder,Atlanta Hawks,140,129,1,1740.2989029711923,1430.6879789421873,0.8540715828641786,1,1,0.8540715828641786,0.9135609077757022
401810311,2025-12-29,SAS,CLE,San Antonio Spurs,Cleveland Cavaliers,101,113,0,1621.2443900885498,1524.4518350818219,0.6902605940027808,1,0,0.6902605940027808,0.7563606047279507
401810312,2025-12-29,POR,DAL,Portland Trail Blazers,Dallas Mavericks,125,122,1,1465.3926675513392,1426.6329395389569,0.5331206522288017,1,1,0.5331206522288017,0.6897102841499713
401810313,2025-12-30,MEM,PHI,Memphis Grizzlies,Philadelphia 76ers,136,139,0,1515.6203862809452,1427.706304906631,0.666794451834678,1,0,0.666794451834678,0.7468194161791283
401810314,2025-12-30,UTA,BOS,Utah Jazz,Boston Celtics,119,129,0,1411.6437913210352,1617.8798140954657,0.25537942542009656,0,1,0.7446205745799035,0.35170713819531624
401810315,2025-12-30,LAL,DET,Los Angeles Lakers,Detroit Pistons,106,128,0,1544.1374320132606,1622.0956236119448,0.44453555140578355,0,1,0.5554644485942164,0.5316782238974923
401810316,2025-12-30,LAC,SAC,LA Clippers,Sacramento Kings,131,90,1,1535.0088465110985,1393.7058549826031,0.7516710899260949,1,1,0.7516710899260949,0.8004408057845251
401810317,2025-12-31,CHA,GSW,Charlotte Hornets,Golden State Warriors,125,132,0,1396.2681162636472,1582.1362487091376,0.3588830627633732,0,1,0.6411169372366268,0.37888189756004187
401810318,2025-12-31,ATL,MIN,Atlanta Hawks,Minnesota Timberwolves,126,102,1,1429.2541904632972,1608.7599126744703,0.3741371037183081,0,0,0.6258628962816919,0.38753830007232815
401810319,2025-12-31,IND,ORL,Indiana Pacers,Orlando Magic,110,112,0,1345.2875385477578,1533.8702365859826,0.3254126503042829,0,1,0.6745873496957171,0.3752115763025086
401810320,2025-12-31,CLE,PHX,Cleveland Cavaliers,Phoenix Suns,129,113,1,1545.3431960250957,1567.0472162881756,0.5980772848343204,1,1,0.5980772848343204,0.6108075278228612
401810321,2025-12-31,CHI,NOP,Chicago Bulls,New Orleans Pelicans,134,118,1,1422.4337452603868,1342.7298099283917,0.6750399431344635,1,1,0.6750399431344635,0.7377794535724586
401810322,2025-12-31,SAS,NYK,San Antonio Spurs,New York Knicks,134,132,1,1600.353029145276,1614.5007457409397,0.56954825788085,1,1,0.56954825788085,0.6210966319709247
401810323,2025-12-31,TOR,DEN,Toronto Raptors,Denver Nuggets,103,106,0,1485.0176464260771,1623.9663742830535,0.3725481875620945,0,1,0.6274518124379055,0.4441819046522431
401810324,2025-12-31,MIL,WAS,Milwaukee Bucks,Washington Wizards,113,114,0,1457.432291963593,1301.5594435296969,0.7755458723672202,1,0,0.7755458723672202,0.8135011877482128
401810325,2025-12-31,OKC,POR,Oklahoma City Thunder,Portland Trail Blazers,124,95,1,1741.7326914500825,1468.5154376567523,0.8990978663170046,1,1,0.8990978663170046,0.8955202173457039
401810326,2026-01-01,BKN,HOU,Brooklyn Nets,Houston Rockets,96,120,0,1402.9296685283873,1652.488888990713,0.2869500453084259,0,1,0.7130499546915741,0.2971446444546607
401810327,2026-01-01,DET,MIA,Detroit Pistons,Miami Heat,112,118,0,1641.0494127503832,1537.065348382558,0.7163906806672024,1,0,0.7163906806672024,0.7639081552937553
401810328,2026-01-01,DAL,PHI,Dallas Mavericks,Philadelphia 76ers,108,123,0,1423.5101694335438,1437.5340909962244,0.5452010310364914,1,0,0.5452010310364914,0.6212643227036824
401810329,2026-01-01,SAC,BOS,Sacramento Kings,Boston Celtics,106,120,0,1384.4982487315967,1624.6077111021002,0.21952504350699628,0,1,0.7804749564930037,0.3086293789210914
401810330,2026-01-01,LAC,UTA,LA Clippers,Utah Jazz,118,101,1,1544.2164527621048,1404.9158943144007,0.7418733561213996,1,1,0.7418733561213996,0.7985931694792757
401810331,2026-01-02,IND,SAS,Indiana Pacers,San Antonio Spurs,113,123,0,1341.901547772103,1603.779324340962,0.22145257016805933,0,1,0.7785474298319407,0.2825508807352811
401810332,2026-01-02,WAS,BKN,Washington Wizards,Brooklyn Nets,119,99,1,1309.8282531764532,1393.045357927569,0.4787857664012812,0,0,0.5212142335987189,0.5241337596158245
401810333,2026-01-02,CLE,DEN,Cleveland Cavaliers,Denver Nuggets,113,108,1,1555.641155995442,1628.782801095541,0.477577476920834,0,0,0.5224225230791659,0.538575468088663
401810334,2026-01-02,NYK,ATL,New York Knicks,Atlanta Hawks,99,111,0,1611.0744505452537,1453.6143089942716,0.7502757749962862,1,0,0.7502757749962862,0.8148834861690214
401810335,2026-01-02,CHI,ORL,Chicago Bulls,Orlando Magic,121,114,1,1428.8799223382887,1537.2562273616375,0.4555667316444548,0,0,0.5444332683555452,0.487947863049889
401810336,2026-01-02,MIL,CHA,Milwaukee Bucks,Charlotte Hornets,122,121,1,1449.1634823168365,1390.3029986458757,0.6300614487406102,1,1,0.6300614487406102,0.7139149010953009
401810337,2026-01-02,NOP,POR,New Orleans Pelicans,Portland Trail Blazers,109,122,0,1336.2836328504898,1465.0825915224016,0.43805789697252806,0,1,0.5619421030274719,0.4586496264404999
401810338,2026-01-02,PHX,SAC,Phoenix Suns,Sacramento Kings,129,102,1,1556.7492563178293,1377.3594333996537,0.8363069807358239,1,1,0.8363069807358239,0.8331748273852427
401810339,2026-01-02,GSW,OKC,Golden State Warriors,Oklahoma City Thunder,94,131,0,1588.101366326909,1745.1655375844332,0.317133856701025,0,1,0.682866143298975,0.41860861617376927
401810340,2026-01-02,LAL,MEM,Los Angeles Lakers,Memphis Grizzlies,128,121,1,1525.1836428748222,1505.7926001913518,0.6091370625981148,1,1,0.6091370625981148,0.6653593692982076
401810341,2026-01-03,MIA,MIN,Miami Heat,Minnesota Timberwolves,115,125,0,1551.1834270798804,1584.399794143496,0.5279290153916986,1,0,0.5279290153916986,0.594942925160679
401810342,2026-01-03,NYK,PHI,New York Knicks,Philadelphia 76ers,119,130,0,1587.190876718312,1455.4984306621257,0.6779858684585177,1,0,0.6779858684585177,0.7914567747836214
401810343,2026-01-03,TOR,ATL,Toronto Raptors,Atlanta Hawks,134,117,1,1480.2012196135897,1477.4978828212134,0.6401709169814809,1,1,0.6401709169814809,0.6436422530762584
401810344,2026-01-03,CHI,CHA,Chicago Bulls,Charlotte Hornets,99,112,0,1437.5535931633697,1388.251109056772,0.6306125526991894,1,0,0.6306125526991894,0.7025466054669395
401810345,2026-01-03,SAS,POR,San Antonio Spurs,Portland Trail Blazers,110,115,0,1608.9713040935342,1476.0689433194423,0.7926799487944816,1,0,0.7926799487944816,0.7926040068851467
401810346,2026-01-03,DAL,HOU,Dallas Mavericks,Houston Rockets,110,104,1,1405.5458297676425,1662.3731995915311,0.2541282781711086,0,0,0.7458717218288914,0.28848140756402885
401810347,2026-01-03,GSW,UTA,Golden State Warriors,Utah Jazz,123,114,1,1567.6822007233172,1399.9637352643604,0.7162398188641365,1,1,0.7162398188641365,0.8236262275236248
401810348,2026-01-03,LAC,BOS,LA Clippers,Boston Celtics,115,146,0,1549.1686118121452,1631.7465264340433,0.4604904546136777,0,1,0.5395095453863223,0.5250514025668381
401810349,2026-01-04,CLE,DET,Cleveland Cavaliers,Detroit Pistons,110,114,0,1561.9989827947913,1626.931334053061,0.4662020574488319,0,1,0.5337979425511681,0.5502957244112832
401810350,2026-01-04,ORL,IND,Orlando Magic,Indiana Pacers,135,127,1,1528.5825565365565,1336.7095680195307,0.7839310857444535,1,1,0.7839310857444535,0.8429251844674838
401810351,2026-01-04,BKN,DEN,Brooklyn Nets,Denver Nuggets,127,115,1,1377.6622630388251,1622.4249742961915,0.2686315461326915,0,0,0.7313684538673084,0.3029432882583154
401810352,2026-01-04,MIA,NOP,Miami Heat,New Orleans Pelicans,125,106,1,1538.1384126733597,1325.297281053449,0.7899293355668947,1,1,0.7899293355668947,0.8582533851470078
401810353,2026-01-04,WAS,MIN,Washington Wizards,Minnesota Timberwolves,115,141,0,1325.2113480651972,1597.4448085500167,0.2581300975896914,0,1,0.7418699024103086,0.2706246857038291
401810354,2026-01-04,PHX,OKC,Phoenix Suns,Oklahoma City Thunder,108,105,1,1562.2740890756027,1765.584703188025,0.2700207850549723,0,0,0.7299792149450277,0.3555563363908088
401810355,2026-01-04,SAC,MIL,Sacramento Kings,Milwaukee Bucks,98,115,0,1371.8346006418803,1451.2153719059402,0.3820815316788127,0,1,0.6179184683211874,0.5296386672683518
401810356,2026-01-04,LAL,MEM,Los Angeles Lakers,Memphis Grizzlies,120,114,1,1530.3232501192467,1500.6529929469273,0.6052712255671155,1,1,0.6052712255671155,0.6784029356805095
401810357,2026-01-05,DET,NYK,Detroit Pistons,New York Knicks,121,90,1,1634.0927882594278,1565.795033377809,0.6221457083791744,1,1,0.6221457083791744,0.724880198660573
401810358,2026-01-05,BOS,CHI,Boston Celtics,Chicago Bulls,115,101,1,1655.5943813061094,1418.0020120164252,0.8283490676120099,1,1,0.8283490676120099,0.8747183879622034
401810359,2026-01-05,TOR,ATL,Toronto Raptors,Atlanta Hawks,118,100,1,1489.8480886997115,1467.8510137350916,0.5931644583888639,1,1,0.5931644583888639,0.6686912260039886
401810360,2026-01-05,HOU,PHX,Houston Rockets,Phoenix Suns,100,97,1,1649.7906034894795,1570.1289574330353,0.7589902986896804,1,1,0.7589902986896804,0.7377323553675751
401810361,2026-01-05,OKC,CHA,Oklahoma City Thunder,Charlotte Hornets,97,124,0,1757.7298348305924,1407.8026902037166,0.890530330260262,1,0,0.890530330260262,0.9302144926945679
401810362,2026-01-05,PHI,DEN,Philadelphia 76ers,Denver Nuggets,124,125,0,1476.8942740026287,1604.0780048823979,0.4803731132937773,0,1,0.5196268867062227,0.46095909917138633
401810363,2026-01-05,LAC,GSW,LA Clippers,Golden State Warriors,103,102,1,1525.3207569400793,1570.5101168740866,0.5377852275355772,1,1,0.5377852275355772,0.5782309353398606
401810364,2026-01-05,POR,UTA,Portland Trail Blazers,Utah Jazz,137,117,1,1489.7791610587633,1397.135819113591,0.6280069193534059,1,1,0.6280069193534059,0.751932228754805
401810365,2026-01-06,IND,CLE,Indiana Pacers,Cleveland Cavaliers,116,120,0,1334.3972324940733,1554.8375285884244,0.2853571202862487,0,1,0.7146428797137513,0.33329713533912564
401810366,2026-01-06,WAS,ORL,Washington Wizards,Orlando Magic,120,112,1,1315.8315462790317,1530.894892062014,0.26924989600117594,0,0,0.730750103998824,0.3402101496507734
401810367,2026-01-06,MEM,SAS,Memphis Grizzlies,San Antonio Spurs,106,105,1,1496.1468026654943,1595.2610863542131,0.4266765458572272,0,0,0.5733234541427727,0.5012746454730924
401810368,2026-01-06,MIN,MIA,Minnesota Timberwolves,Miami Heat,122,94,1,1606.824610336182,1541.722798515659,0.6477174990288489,1,1,0.6477174990288489,0.7211961021033668
401810369,2026-01-06,NOP,LAL,New Orleans Pelicans,Los Angeles Lakers,103,111,0,1321.7128952111498,1534.8294404006797,0.274104518275245,0,1,0.7258954817247549,0.3427301691716378
401810370,2026-01-06,SAC,DAL,Sacramento Kings,Dallas Mavericks,98,100,0,1356.0586328899203,1418.1284258696942,0.40619503526275796,0,1,0.5938049647372421,0.5543701236681737
401810371,2026-01-07,CHA,TOR,Charlotte Hornets,Toronto Raptors,96,97,0,1466.6910305197514,1499.042711828362,0.49657125680560615,0,1,0.5034287431943938,0.5961418706579809
401810372,2026-01-07,DET,CHI,Detroit Pistons,Chicago Bulls,108,93,1,1644.9524503689784,1415.464627925792,0.838074750295194,1,1,0.838074750295194,0.8695158014007185
401810373,2026-01-07,PHI,WAS,Philadelphia 76ers,Washington Wizards,131,110,1,1473.2472740907392,1329.027078196958,0.8318511570491796,1,1,0.8318511570491796,0.8031096778167617
401810374,2026-01-07,ATL,NOP,Atlanta Hawks,New Orleans Pelicans,117,100,1,1458.6563906064412,1316.0058378248898,0.816764007153016,1,1,0.816764007153016,0.8016770151331166
401810375,2026-01-07,BOS,DEN,Boston Celtics,Denver Nuggets,110,114,0,1658.1317653967426,1607.7250047942873,0.6528399547704216,1,0,0.6528399547704216,0.7038732889597713
401810376,2026-01-07,BKN,ORL,Brooklyn Nets,Orlando Magic,103,104,0,1396.0092324526188,1517.6993601440877,0.5066966998297424,1,0,0.5066966998297424,0.4688258859417719
401810377,2026-01-07,NYK,LAC,New York Knicks,LA Clippers,123,111,1,1554.9353712682585,1528.5870411497924,0.6195222070363233,1,1,0.6195222070363233,0.6742167697298462
401810378,2026-01-07,SAS,LAL,San Antonio Spurs,Los Angeles Lakers,107,91,1,1591.2323341821157,1540.5364977869397,0.6580148422670674,1,1,0.6580148422670674,0.704220019485513
401810379,2026-01-07,MEM,PHX,Memphis Grizzlies,Phoenix Suns,98,117,0,1500.1755548375918,1567.5649977303876,0.4597587255547128,0,1,0.5402412744452871,0.5467930318225527
401810380,2026-01-07,OKC,UTA,Oklahoma City Thunder,Utah Jazz,129,125,1,1698.8414945145576,1390.094202382496,0.8939701995376647,1,1,0.8939701995376647,0.9131675162413043
401810381,2026-01-07,GSW,MIL,Golden State Warriors,Milwaukee Bucks,120,113,1,1567.2438326643735,1466.9913396579002,0.656091750326685,1,1,0.656091750326685,0.7600121299631065
401810382,2026-01-07,POR,HOU,Portland Trail Blazers,Houston Rockets,103,102,1,1496.8207777898583,1652.3545631921272,0.31560365158793446,0,0,0.6843963484120655,0.42075418324988345
401810383,2026-01-08,CHA,IND,Charlotte Hornets,Indiana Pacers,112,114,0,1461.5962005937588,1330.5519465698296,0.664188410974419,1,0,0.664188410974419,0.7908402440582983
401810385,2026-01-08,MIN,CLE,Minnesota Timberwolves,Cleveland Cavaliers,131,122,1,1617.068838780316,1558.682814512668,0.6345396715461359,1,1,0.6345396715461359,0.7133567523163061
401810386,2026-01-08,UTA,DAL,Utah Jazz,Dallas Mavericks,116,114,1,1389.266528646656,1423.6533578787303,0.46437829862219476,0,0,0.5356217013778053,0.5933181964029517
401810387,2026-01-09,BOS,TOR,Boston Celtics,Toronto Raptors,125,117,1,1648.0108545116082,1504.1375417543545,0.7487357873068372,1,1,0.7487357873068372,0.8027937405125727
401810388,2026-01-09,ORL,PHI,Orlando Magic,Philadelphia 76ers,91,103,0,1521.424623852372,1478.8301439756833,0.5906898235146841,1,0,0.5906898235146841,0.6944145792209844
401810389,2026-01-09,WAS,NOP,Washington Wizards,New Orleans Pelicans,107,128,0,1323.4442083120139,1311.1404479629994,0.5716688944601158,1,0,0.5716688944601158,0.6562150888843268
401810390,2026-01-09,BKN,LAC,Brooklyn Nets,LA Clippers,105,121,0,1392.2839687443345,1521.7012774090692,0.42118024443082414,0,1,0.5788197555691759,0.45776596650245477
401810391,2026-01-09,MEM,OKC,Memphis Grizzlies,Oklahoma City Thunder,116,117,0,1482.4250654965888,1699.6691682503974,0.25840094611703923,0,1,0.7415990538829608,0.33739799055581204
401810392,2026-01-09,DEN,ATL,Denver Nuggets,Atlanta Hawks,87,110,0,1617.8459156794218,1463.5217804683316,0.7293515440793688,1,0,0.7293515440793688,0.8121448320731209
401810393,2026-01-09,PHX,NYK,Phoenix Suns,New York Knicks,112,107,1,1585.3154870713906,1561.8211350089816,0.5833545608481303,1,1,0.5833545608481303,0.670597927781547
401810394,2026-01-09,GSW,SAC,Golden State Warriors,Sacramento Kings,137,103,1,1570.724194645388,1350.5337008808842,0.8236622488418436,1,1,0.8236622488418436,0.8633225546500183
401810395,2026-01-09,POR,HOU,Portland Trail Blazers,Houston Rockets,111,105,1,1501.7209999967888,1647.4543409851967,0.3288571828693479,0,0,0.6711428171306522,0.43456193900022133
401810396,2026-01-09,LAL,MIL,Los Angeles Lakers,Milwaukee Bucks,101,105,0,1533.1147436309957,1463.5109776768857,0.6203064584115208,1,0,0.6203064584115208,0.7263769683497893
401810397,2026-01-10,CLE,MIN,Cleveland Cavaliers,Minnesota Timberwolves,146,134,1,1553.7300947971796,1622.0215584958044,0.5018436914280489,1,1,0.5018436914280489,0.5455059790338013
401810398,2026-01-10,IND,MIA,Indiana Pacers,Miami Heat,123,99,1,1339.927311633113,1531.4785700715252,0.3281891948341643,0,0,0.6718108051658357,0.3712141991501989
401810399,2026-01-10,DET,LAC,Detroit Pistons,LA Clippers,92,98,0,1647.7330495468455,1534.276419625047,0.8010074274267819,1,0,0.8010074274267819,0.7736006195392935
401810400,2026-01-10,BOS,SAS,Boston Celtics,San Antonio Spurs,95,100,0,1651.0072547309878,1598.6540883380596,0.581177769719511,1,0,0.581177769719511,0.7062033414301476
401810401,2026-01-10,CHI,DAL,Chicago Bulls,Dallas Mavericks,125,107,1,1412.684028747925,1419.9192980073312,0.5676037096789832,1,1,0.5676037096789832,0.6304147989859094
401810402,2026-01-10,UTA,CHA,Utah Jazz,Charlotte Hornets,95,150,0,1393.000588518055,1452.2208355304754,0.4548268836882515,0,1,0.5451731163117485,0.5584187584260408
401810403,2026-01-11,ORL,NOP,Orlando Magic,New Orleans Pelicans,128,118,1,1503.1829830910785,1335.5785586915881,0.7813138297984614,1,1,0.7813138297984614,0.8235308439974377
401810404,2026-01-11,MEM,BKN,Memphis Grizzlies,Brooklyn Nets,103,98,1,1479.9314862702568,1379.7088265283567,0.6901786986739289,1,1,0.6901786986739289,0.759980805352291
401810405,2026-01-11,TOR,PHI,Toronto Raptors,Philadelphia 76ers,116,115,1,1501.1411415349748,1497.0717847369767,0.5842382344978005,1,1,0.5842382344978005,0.6454438225067034
401810406,2026-01-11,POR,NYK,Portland Trail Blazers,New York Knicks,114,123,0,1510.797849371187,1557.6017400090234,0.4456053865180003,0,1,0.5543946134819997,0.5759626859476746
401810407,2026-01-11,MIN,SAS,Minnesota Timberwolves,San Antonio Spurs,104,103,1,1611.7060497869459,1609.9733441266042,0.6117297591998931,1,1,0.6117297591998931,0.6423596619428629
401810408,2026-01-11,OKC,MIA,Oklahoma City Thunder,Miami Heat,124,112,1,1702.1627474767295,1506.2091275753235,0.8474026512663353,1,1,0.8474026512663353,0.8460103216381367
401810409,2026-01-11,DEN,MIL,Denver Nuggets,Milwaukee Bucks,108,104,1,1581.0013934917433,1474.141049059967,0.6751507408913884,1,1,0.6751507408913884,0.7668812282872337
401810410,2026-01-11,PHX,WAS,Phoenix Suns,Washington Wizards,112,93,1,1589.5348820713489,1299.0060975834251,0.8697077511751543,1,1,0.8697077511751543,0.9044834428728197
401810411,2026-01-11,GSW,ATL,Golden State Warriors,Atlanta Hawks,111,124,0,1575.9383580060855,1500.36630265601,0.659351612715067,1,0,0.659351612715067,0.7331520301323013
401810412,2026-01-11,SAC,HOU,Sacramento Kings,Houston Rockets,111,98,1,1345.3195375201867,1638.3774916107984,0.17905225256300386,0,0,0.8209477474369962,0.2476228475876272
401810413,2026-01-12,CLE,UTA,Cleveland Cavaliers,Utah Jazz,112,123,0,1564.045603506038,1353.3658745380867,0.8356584857916483,1,0,0.8356584857916483,0.8567329982341995
401810414,2026-01-12,IND,BOS,Indiana Pacers,Boston Celtics,98,96,1,1365.1967541293147,1639.6879989424433,0.2394201109945751,0,0,0.760579889005425,0.26806693771205686
401810415,2026-01-12,TOR,PHI,Toronto Raptors,Philadelphia 76ers,102,115,0,1503.7870260523234,1494.4259002196281,0.6121877808850502,1,0,0.6121877808850502,0.6523836194362289
401810416,2026-01-12,DAL,BKN,Dallas Mavericks,Brooklyn Nets,113,105,1,1409.4391159185766,1376.7970233056124,0.6765809810286033,1,1,0.6765809810286033,0.6821238206841191
401810417,2026-01-12,SAC,LAL,Sacramento Kings,Los Angeles Lakers,124,112,1,1367.1246913765926,1522.4846722479144,0.2642137642561324,0,0,0.7357862357438676,0.42099804435538807
401810418,2026-01-12,LAC,CHA,LA Clippers,Charlotte Hornets,117,109,1,1548.7042850748894,1491.8555495104438,0.6064667312998335,1,1,0.6064667312998335,0.7115438369160526
401810419,2026-01-13,MIA,PHX,Miami Heat,Phoenix Suns,127,121,1,1503.3114710571704,1591.8358559852054,0.47396742272053227,0,0,0.5260325772794677,0.5165087346794585
401810420,2026-01-13,HOU,CHI,Houston Rockets,Chicago Bulls,119,113,1,1616.5723377543925,1423.1642108366796,0.7746605437795395,1,1,0.7746605437795395,0.8440916768289531
401810421,2026-01-13,MIL,MIN,Milwaukee Bucks,Minnesota Timberwolves,106,139,0,1471.6110724770047,1614.379563482741,0.39539071898202166,0,1,0.6046092810179784,0.4387602044816707
401810422,2026-01-13,NOP,DEN,New Orleans Pelicans,Denver Nuggets,116,122,0,1332.561778611755,1583.5313700747056,0.2467977099917743,0,1,0.7532022900082257,0.2954518435358609
401810423,2026-01-13,OKC,SAS,Oklahoma City Thunder,San Antonio Spurs,119,98,1,1705.0604039948826,1607.299830430809,0.7479858481610068,1,1,0.7479858481610068,0.7573860080252867
401810424,2026-01-13,LAL,ATL,Los Angeles Lakers,Atlanta Hawks,141,116,1,1508.3854640357963,1521.2684775648509,0.5119092433425588,1,1,0.5119092433425588,0.6228084093496962
401810425,2026-01-13,GSW,POR,Golden State Warriors,Portland Trail Blazers,119,97,1,1555.0361830972447,1499.0868192472842,0.6893929331619684,1,1,0.6893929331619684,0.7104800581019741
401810426,2026-01-14,IND,TOR,Indiana Pacers,Toronto Raptors,101,115,0,1373.4175178091584,1486.2672072339328,0.4245502157687044,0,1,0.5754497842312956,0.4815162372936498
401810427,2026-01-14,PHI,CLE,Philadelphia 76ers,Cleveland Cavaliers,107,133,0,1511.9457190380188,1538.9375541470367,0.5010015996665292,1,0,0.5010015996665292,0.6035475648554086
401810428,2026-01-14,CHI,UTA,Chicago Bulls,Utah Jazz,128,126,1,1421.2113950794399,1378.473923897088,0.6334976720536498,1,1,0.6334976720536498,0.6945892206482561
401810429,2026-01-14,NOP,BKN,New Orleans Pelicans,Brooklyn Nets,116,113,1,1328.484872142507,1371.578578389517,0.4532170174990674,0,0,0.5467829825009326,0.5811701839900949
401810430,2026-01-14,DAL,DEN,Dallas Mavericks,Denver Nuggets,109,118,0,1414.657560834672,1587.6082765439537,0.4366674753627897,0,1,0.5633325246372103,0.3965315680304859
401810431,2026-01-14,SAC,NYK,Sacramento Kings,New York Knicks,112,101,1,1381.2238995887108,1569.3127701329263,0.2590621420819514,0,0,0.7409378579180486,0.3758782202815873
401810432,2026-01-14,LAC,WAS,LA Clippers,Washington Wizards,119,105,1,1553.3582736331355,1296.7051236695686,0.836875793871316,1,1,0.836875793871316,0.8862565067980316
401810433,2026-01-15,ORL,MEM,Orlando Magic,Memphis Grizzlies,118,111,1,1506.1997631709116,1482.843289493001,0.6126106256526468,1,1,0.6126106256526468,0.6704225804330274
401810434,2026-01-15,DET,PHX,Detroit Pistons,Phoenix Suns,108,105,1,1633.3051840970031,1584.4264647783393,0.7076561643390716,1,1,0.7076561643390716,0.7020365833010087
401810435,2026-01-15,MIA,BOS,Miami Heat,Boston Celtics,114,119,0,1510.7208622640364,1631.4672352625996,0.3875562604528274,0,1,0.6124437395471727,0.470179004331655
401810436,2026-01-15,HOU,OKC,Houston Rockets,Oklahoma City Thunder,91,111,0,1618.5251535116322,1712.160542765453,0.3982624246148921,0,1,0.601737575385108,0.5091583867098596
401810437,2026-01-15,SAS,MIL,San Antonio Spurs,Milwaukee Bucks,119,101,1,1600.1996916602384,1451.7214189574358,0.7169836151341854,1,1,0.7169836151341854,0.8069567656451386
401810438,2026-01-15,DAL,UTA,Dallas Mavericks,Utah Jazz,144,122,1,1407.363693767359,1375.824997753166,0.6552830836402539,1,1,0.6552830836402539,0.6807449937616973
401810439,2026-01-15,GSW,NYK,Golden State Warriors,New York Knicks,126,113,1,1564.0506397682661,1554.5258543158466,0.6448913008939141,1,1,0.6448913008939141,0.6525972375820138
401810440,2026-01-15,POR,ATL,Portland Trail Blazers,Atlanta Hawks,117,101,1,1490.0723625762628,1507.7478214812334,0.49725677658218204,0,0,0.502743223417818,0.6163059809065431
401810441,2026-01-15,LAL,CHA,Los Angeles Lakers,Charlotte Hornets,117,135,0,1521.9061201194138,1487.2015609521977,0.6227791908803109,1,0,0.6227791908803109,0.6846925637983402
401810442,2026-01-16,BKN,CHI,Brooklyn Nets,Chicago Bulls,112,109,1,1367.099456435986,1423.860321223362,0.4848575910100401,0,0,0.5151424089899599,0.5619068353799209
401810443,2026-01-16,IND,NOP,Indiana Pacers,New Orleans Pelicans,127,119,1,1361.1573290340416,1332.9639940960378,0.6365277927289358,1,1,0.6365277927289358,0.6765452607574375
401810444,2026-01-16,PHI,CLE,Philadelphia 76ers,Cleveland Cavaliers,115,117,0,1486.6681563859431,1564.2151167991124,0.44763008168648855,0,1,0.5523699183135115,0.5322676131268157
401810445,2026-01-16,TOR,LAC,Toronto Raptors,LA Clippers,117,121,0,1498.5273960090497,1555.6346408075556,0.5397149116079294,1,0,0.5397149116079294,0.5614159356658838
401810446,2026-01-16,HOU,MIN,Houston Rockets,Minnesota Timberwolves,110,105,1,1601.7594862055435,1634.26921700231,0.42511618969796927,0,0,0.5748838103020307,0.5959228095872646
401810447,2026-01-16,SAC,WAS,Sacramento Kings,Washington Wizards,128,115,1,1396.0108154057905,1294.4287564951485,0.658478042959209,1,1,0.658478042959209,0.7614053184173291
401810448,2026-01-17,DAL,UTA,Dallas Mavericks,Utah Jazz,138,120,1,1417.4796144312681,1365.7090770892569,0.6628590328824033,1,1,0.6628590328824033,0.7055069963688083
401810449,2026-01-17,ATL,BOS,Atlanta Hawks,Boston Celtics,106,132,0,1497.6260476684597,1637.976847029643,0.36699348229588974,0,1,0.6330065177041102,0.4421902160454724
401810450,2026-01-17,DET,IND,Detroit Pistons,Indiana Pacers,121,78,1,1636.2822100981207,1366.4844954858331,0.9012223896174647,1,1,0.9012223896174647,0.8936640750055045
401810451,2026-01-17,NYK,PHX,New York Knicks,Phoenix Suns,99,106,0,1546.6983940938412,1581.4494387772218,0.5576829279162834,1,0,0.5576829279162834,0.5928122071515199
401810452,2026-01-17,MIA,OKC,Miami Heat,Oklahoma City Thunder,122,120,1,1504.211250496993,1728.9262100715418,0.25597221974599343,0,0,0.7440277802540065,0.327851834804114
401810453,2026-01-17,SAS,MIN,San Antonio Spurs,Minnesota Timberwolves,126,123,1,1605.1049096934091,1628.873270261492,0.5702082101819022,1,1,0.5702082101819022,0.6079789188007677
401810454,2026-01-17,GSW,CHA,Golden State Warriors,Charlotte Hornets,136,116,1,1571.8780999902715,1510.5770047709884,0.6428067597375045,1,1,0.6428067597375045,0.7167756890671229
401810455,2026-01-17,DEN,WAS,Denver Nuggets,Washington Wizards,121,115,1,1594.9021436112666,1289.3938211465033,0.9058467413378317,1,1,0.9058467413378317,0.911677671120648
401810456,2026-01-17,POR,LAL,Portland Trail Blazers,Los Angeles Lakers,132,116,1,1500.1941363890364,1498.530676300623,0.4864063259350719,0,0,0.5135936740649281,0.6422680826889622
401810457,2026-01-18,MEM,ORL,Memphis Grizzlies,Orlando Magic,126,109,1,1477.796061589777,1511.2469910741356,0.5234118672105424,1,1,0.5234118672105424,0.5946174923991041
401810458,2026-01-18,CHI,BKN,Chicago Bulls,Brooklyn Nets,124,102,1,1419.1256766298138,1371.8341010295342,0.6537403483767993,1,1,0.6537403483767993,0.7001219129665229
401810459,2026-01-18,HOU,NOP,Houston Rockets,New Orleans Pelicans,119,110,1,1607.1554329463613,1327.6368276442463,0.8490694978430303,1,1,0.8490694978430303,0.8988657371935966
401810460,2026-01-18,DEN,CHA,Denver Nuggets,Charlotte Hornets,87,110,0,1595.933507440969,1502.3588963914758,0.663252973655373,1,0,0.663252973655373,0.752930831492053
401810461,2026-01-18,SAC,POR,Sacramento Kings,Portland Trail Blazers,110,117,0,1401.0457507544356,1509.4960166065628,0.48062343874204705,0,1,0.519376561257953,0.48784148725099574
401810462,2026-01-18,LAL,TOR,Los Angeles Lakers,Toronto Raptors,110,93,1,1489.2287960830968,1491.1738628240355,0.537505751685381,1,1,0.537505751685381,0.637481458289828
401809247,2026-01-19,ATL,MIL,Atlanta Hawks,Milwaukee Bucks,110,112,0,1480.7333706925697,1446.816200924265,0.5662166152793849,1,0,0.5662166152793849,0.6837132135096771
401809248,2026-01-19,CLE,OKC,Cleveland Cavaliers,Oklahoma City Thunder,104,136,0,1569.4528898276183,1721.7108630911289,0.353509701658445,0,1,0.646490298341555,0.42535677672060235
401809249,2026-01-19,NYK,DAL,New York Knicks,Dallas Mavericks,97,114,0,1536.1746862460116,1425.4789190435063,0.7285607682238119,1,0,0.7285607682238119,0.7708050137977425
401809250,2026-01-19,DET,BOS,Detroit Pistons,Boston Celtics,104,103,1,1640.9628393453117,1654.869524005533,0.5927237637024858,1,1,0.5927237637024858,0.6214231031828483
401810463,2026-01-19,WAS,LAC,Washington Wizards,LA Clippers,106,110,0,1288.362457316801,1562.9881739925697,0.2403207158735883,0,1,0.7596792841264117,0.267915084581217
401810464,2026-01-19,PHI,IND,Philadelphia 76ers,Indiana Pacers,113,104,1,1481.4303833574372,1361.803866238642,0.7567642851672988,1,1,0.7567642851672988,0.7797606082249494
401810465,2026-01-19,BKN,PHX,Brooklyn Nets,Phoenix Suns,117,126,0,1362.4392814695761,1591.9731466250514,0.25457948792784424,0,1,0.7454205120721558,0.321768383211435
401810466,2026-01-19,SAS,UTA,San Antonio Spurs,Utah Jazz,123,110,1,1609.2362387090482,1357.7097724770188,0.8500196307457242,1,1,0.8500196307457242,0.8832474851673634
401810467,2026-01-19,GSW,MIA,Golden State Warriors,Miami Heat,135,112,1,1580.096208369784,1511.426597477406,0.6738295158200757,1,1,0.6738295158200757,0.7253068856650432
401810468,2026-01-20,PHI,PHX,Philadelphia 76ers,Phoenix Suns,110,116,0,1485.0771818079406,1597.6490467428757,0.49781662110753266,0,1,0.5021833788924673,0.48191552419693295
401810469,2026-01-20,CHI,LAC,Chicago Bulls,LA Clippers,138,110,1,1428.5204961897718,1565.9615755472444,0.5335558795049448,1,1,0.5335558795049448,0.4463255703066175
401810470,2026-01-20,HOU,SAS,Houston Rockets,San Antonio Spurs,111,106,1,1608.6657312402226,1611.469331941166,0.6248961337132617,1,1,0.6248961337132617,0.6363385661264928
401810471,2026-01-20,UTA,MIN,Utah Jazz,Minnesota Timberwolves,127,122,1,1355.4766792449009,1624.741941245853,0.17182231376162216,0,0,0.8281776862383778,0.27401049054606375
401810472,2026-01-20,DEN,LAL,Denver Nuggets,Los Angeles Lakers,107,115,0,1563.739601199605,1499.0762821737133,0.6034001913680335,1,0,0.6034001913680335,0.7206882787253778
401810473,2026-01-20,GSW,TOR,Golden State Warriors,Toronto Raptors,127,145,0,1588.8424995352182,1481.326376733419,0.6397726094322934,1,0,0.6397726094322934,0.767555415182334
401810474,2026-01-20,SAC,MIA,Sacramento Kings,Miami Heat,117,130,0,1392.892676091218,1502.680306311972,0.4966814172061978,0,1,0.5033185827938023,0.48591819280065324
401810475,2026-01-21,CHA,CLE,Charlotte Hornets,Cleveland Cavaliers,87,94,0,1534.5528026328398,1550.7379035967774,0.5403053754420735,1,0,0.5403053754420735,0.618332692287949
401810476,2026-01-21,BOS,IND,Boston Celtics,Indiana Pacers,119,104,1,1652.006374315733,1358.1570677881386,0.883396084822233,1,1,0.883396084822233,0.9061220822910027
401810477,2026-01-21,NYK,BKN,New York Knicks,Brooklyn Nets,120,66,1,1509.0162614710875,1356.7633813517518,0.7506361330209792,1,1,0.7506361330209792,0.810319003082026
401810478,2026-01-21,MEM,ATL,Memphis Grizzlies,Atlanta Hawks,122,124,0,1489.071428830043,1473.3333608916741,0.621920947933569,1,0,0.621920947933569,0.6606611420321452
401810479,2026-01-21,NOP,DET,New Orleans Pelicans,Detroit Pistons,104,112,0,1326.126529350385,1643.825989035112,0.18047803166381335,0,1,0.8195219683361866,0.22215035382315898
401810480,2026-01-21,MIL,OKC,Milwaukee Bucks,Oklahoma City Thunder,102,122,0,1454.2162107251606,1740.4258493219697,0.22452375018432888,0,1,0.7754762498156711,0.25504024415245696
401810481,2026-01-21,SAC,TOR,Sacramento Kings,Toronto Raptors,109,122,0,1381.0774904129687,1509.360990299956,0.38185603035632615,0,1,0.6181439696436739,0.459386447616053
401810482,2026-01-22,ORL,CHA,Orlando Magic,Charlotte Hornets,97,124,0,1499.9716238338697,1523.401298090127,0.6648964529322479,1,0,0.6648964529322479,0.6084434979663385
401810483,2026-01-22,PHI,HOU,Philadelphia 76ers,Houston Rockets,128,122,1,1477.6983508326489,1613.41489415949,0.46834750398252406,0,0,0.531652496017476,0.44878006505547746
401810484,2026-01-22,WAS,DEN,Washington Wizards,Denver Nuggets,97,107,0,1285.3890557621264,1548.6674281734463,0.24372651823955235,0,1,0.7562734817604476,0.2809193576441984
401810485,2026-01-22,DAL,GSW,Dallas Mavericks,Golden State Warriors,123,115,1,1452.6373438184303,1560.8078859686811,0.39986836815217064,0,0,0.6001316318478294,0.48824381176926407
401810486,2026-01-22,MIN,CHI,Minnesota Timberwolves,Chicago Bulls,115,120,0,1612.9234518770838,1452.2626282496526,0.7562126670973924,1,0,0.7562126670973924,0.8176466992505689
401810487,2026-01-22,UTA,SAS,Utah Jazz,San Antonio Spurs,109,126,0,1367.29516861367,1606.7201690218988,0.2546304040096894,0,1,0.7453695959903106,0.30947073575591083
401810488,2026-01-22,LAC,LAL,LA Clippers,Los Angeles Lakers,112,104,1,1542.2194434873636,1514.148455199872,0.5419250030026613,1,1,0.5419250030026613,0.6763911218979705
401810489,2026-01-22,POR,MIA,Portland Trail Blazers,Miami Heat,127,110,1,1517.6490912697805,1514.4954919902211,0.5814646517964197,1,1,0.5814646517964197,0.64423653197444
401810490,2026-01-23,DET,HOU,Detroit Pistons,Houston Rockets,104,111,0,1647.2615904137413,1604.6392785881249,0.7447632038502131,1,0,0.7447632038502131,0.6944485759590343
401810491,2026-01-23,ATL,PHX,Atlanta Hawks,Phoenix Suns,110,103,1,1480.3692689535897,1605.0278777181675,0.4217367794436825,0,0,0.5782632205563175,0.4645728738543265
401810492,2026-01-23,BKN,BOS,Brooklyn Nets,Boston Celtics,126,130,0,1346.0762927971207,1653.928572641318,0.18761427099394765,0,1,0.8123857290060523,0.23209951882874066
401810493,2026-01-23,CLE,SAC,Cleveland Cavaliers,Sacramento Kings,123,118,1,1561.8894081394901,1370.0690517428063,0.8071424685298864,1,1,0.8071424685298864,0.8428850657285726
401810494,2026-01-23,MEM,NOP,Memphis Grizzlies,New Orleans Pelicans,127,133,0,1482.0355207681275,1322.6909279717556,0.7799146053183157,1,0,0.7799146053183157,0.8165142689232616
401810495,2026-01-23,MIL,DEN,Milwaukee Bucks,Denver Nuggets,100,102,0,1446.9442438397941,1553.8243123925818,0.5601733105697556,1,0,0.5601733105697556,0.4901000794499763
401810496,2026-01-23,OKC,IND,Oklahoma City Thunder,Indiana Pacers,114,117,0,1747.6978162073362,1356.2348694625537,0.9319317105823139,1,0,0.9319317105823139,0.9442276011542581
401810497,2026-01-23,POR,TOR,Portland Trail Blazers,Toronto Raptors,98,110,0,1527.2766681373957,1520.3694289701184,0.505248780900349,1,0,0.505248780900349,0.6491733455933005
401810498,2026-01-24,PHI,NYK,Philadelphia 76ers,New York Knicks,109,112,0,1486.473966404014,1519.7033500257187,0.4966659337938673,0,1,0.5033340662061327,0.5949248681242543
401810500,2026-01-24,CHA,WAS,Charlotte Hornets,Washington Wizards,119,115,1,1549.663971730229,1280.232171542991,0.8453518794900668,1,1,0.8453518794900668,0.8934637433185888
401810501,2026-01-24,ORL,CLE,Orlando Magic,Cleveland Cavaliers,105,119,0,1473.7089501937678,1563.6822188069725,0.5512970469787893,1,0,0.5512970469787893,0.5144256217873758
401810502,2026-01-24,CHI,BOS,Chicago Bulls,Boston Celtics,114,111,1,1466.8028562273382,1656.4457736497109,0.45114461852111354,0,0,0.5488553814788865,0.3737819298137289
401810503,2026-01-24,DAL,LAL,Dallas Mavericks,Los Angeles Lakers,110,116,0,1461.9912721621722,1508.8182769674463,0.4811141803373775,0,1,0.5188858196626225,0.5759301894344886
401810504,2026-01-24,UTA,MIA,Utah Jazz,Miami Heat,116,147,0,1359.1389807539567,1504.8679151226058,0.3739556690161981,0,1,0.626044330983802,0.4345681720230903
401810505,2026-01-25,DET,SAC,Detroit Pistons,Sacramento Kings,139,116,1,1634.0722502863296,1368.276241075324,0.8667280746982838,1,1,0.8667280746982838,0.8914550937585607
401810508,2026-01-25,OKC,TOR,Oklahoma City Thunder,Toronto Raptors,101,103,0,1730.2998037793998,1536.8902245679394,0.8187644667334004,1,0,0.8187644667334004,0.8440927770193103
401810509,2026-01-25,SAS,NOP,San Antonio Spurs,New Orleans Pelicans,95,104,0,1614.876356881612,1338.6245282189764,0.8538945249059648,1,0,0.8538945249059648,0.8971433722602608
401810510,2026-01-25,PHX,MIA,Phoenix Suns,Miami Heat,102,111,0,1595.8377401752218,1523.6440258271411,0.7319361830155765,1,0,0.7319361830155765,0.7293301503500955
401810511,2026-01-25,LAC,BKN,LA Clippers,Brooklyn Nets,126,89,1,1547.5496217197892,1343.5590917887278,0.7779407653040122,1,1,0.7779407653040122,0.8519414697285983
401857824,2026-01-25,MIN,GSW,Minnesota Timberwolves,Golden State Warriors,85,111,0,1598.3832238993982,1551.4539576249392,0.648508860256092,1,0,0.648508860256092,0.6996838517970834
401810512,2026-01-26,CHA,PHI,Charlotte Hornets,Philadelphia 76ers,130,93,1,1550.7041120875706,1479.446594750949,0.6468318181786007,1,1,0.6468318181786007,0.7282649703042955
401810513,2026-01-26,CLE,ORL,Cleveland Cavaliers,Orlando Magic,114,98,1,1577.021982945093,1460.3691860556473,0.6630794928210029,1,1,0.6630794928210029,0.776806773035421
401810514,2026-01-26,ATL,IND,Atlanta Hawks,Indiana Pacers,132,116,1,1489.5594064965353,1373.6328818904901,0.7272493644831438,1,1,0.7272493644831438,0.7760810825429112
401810515,2026-01-26,BOS,POR,Boston Celtics,Portland Trail Blazers,102,94,1,1648.9029546971374,1510.7558725395747,0.7276257060197447,1,1,0.7276257060197447,0.7975230692378812
401810516,2026-01-26,CHI,LAL,Chicago Bulls,Los Angeles Lakers,118,129,0,1474.3456751799117,1518.1210241220365,0.5108051123700438,1,0,0.5108051123700438,0.5802147709027032
401810517,2026-01-26,HOU,MEM,Houston Rockets,Memphis Grizzlies,108,99,1,1617.8286187155365,1466.1019205209068,0.7000129193173988,1,1,0.7000129193173988,0.8098530099240089
401810518,2026-01-26,MIN,GSW,Minnesota Timberwolves,Golden State Warriors,108,83,1,1567.1155458017377,1582.7216357225998,0.6001257746721103,1,1,0.6001257746721103,0.6191189737862913
401810519,2026-01-27,WAS,POR,Washington Wizards,Portland Trail Blazers,115,111,1,1279.1920311856493,1507.6675504683044,0.3916092103602239,0,0,0.6083907896397761,0.3230993744774777
401810520,2026-01-27,NYK,SAC,New York Knicks,Sacramento Kings,103,87,1,1526.7307216787835,1365.241788598182,0.8166052848313132,1,1,0.8166052848313132,0.8183563829285595
401810521,2026-01-27,PHI,MIL,Philadelphia 76ers,Milwaukee Bucks,139,122,1,1467.2567102409273,1442.233975140342,0.511851878520904,1,1,0.511851878520904,0.6725384663762952
401810522,2026-01-27,OKC,NOP,Oklahoma City Thunder,New Orleans Pelicans,104,95,1,1719.6407438211415,1363.6106766380833,0.9206245726818054,1,1,0.9206245726818054,0.9324608720203106
401810523,2026-01-27,DEN,DET,Denver Nuggets,Detroit Pistons,107,109,0,1558.534581092034,1637.1067027634715,0.4281590702546887,0,1,0.5718409297453113,0.5307981563609897
401810524,2026-01-27,PHX,BKN,Phoenix Suns,Brooklyn Nets,106,102,1,1579.3710165033615,1337.484574052485,0.8279279732691814,1,1,0.8279279732691814,0.8774022158532226
401810525,2026-01-27,UTA,LAC,Utah Jazz,LA Clippers,103,115,0,1340.3628700494214,1553.624139456032,0.30127325671755345,0,1,0.6987267432824465,0.3425425245951128
401810526,2026-01-28,CLE,LAL,Cleveland Cavaliers,Los Angeles Lakers,129,99,1,1582.3705238627388,1531.5007540720849,0.5844476474653403,1,1,0.5844476474653403,0.7044285295327473
401810527,2026-01-28,IND,CHI,Indiana Pacers,Chicago Bulls,113,110,1,1368.2642922524035,1460.9659452298633,0.37114001327387824,0,0,0.6288599867261218,0.5105016210371569
401810528,2026-01-28,BOS,ATL,Boston Celtics,Atlanta Hawks,106,117,0,1651.9912767684077,1494.927996134622,0.7368838081767436,1,0,0.7368838081767436,0.8145386228174253
401810529,2026-01-28,MIA,ORL,Miami Heat,Orlando Magic,124,133,0,1540.1107494990015,1455.0206451380016,0.651811457456523,1,0,0.651811457456523,0.7437333922742911
401810530,2026-01-28,TOR,NYK,Toronto Raptors,New York Knicks,92,119,0,1547.5492845261977,1530.954457975575,0.6146298471547142,1,0,0.6146298471547142,0.6617659369578119
401810531,2026-01-28,MEM,CHA,Memphis Grizzlies,Charlotte Hornets,97,112,0,1463.0207034493951,1562.8939965975924,0.46842540411101696,0,1,0.531574595888983,0.5001823458095043
401810532,2026-01-28,DAL,MIN,Dallas Mavericks,Minnesota Timberwolves,105,118,0,1452.688525007582,1580.7963131573422,0.3930305243611056,0,1,0.6069694756388944,0.45963765903782466
401810533,2026-01-28,UTA,GSW,Utah Jazz,Golden State Warriors,124,140,0,1333.0533788040818,1569.0408683669953,0.20887855476347922,0,1,0.7911214452365207,0.31371524697968733
401810534,2026-01-28,HOU,SAS,Houston Rockets,San Antonio Spurs,99,111,0,1620.9098357870482,1589.8902084625051,0.5569135361859391,1,0,0.5569135361859391,0.6800952576720182
401810535,2026-01-29,PHI,SAC,Philadelphia 76ers,Sacramento Kings,113,111,1,1475.9774465387457,1361.0180523013905,0.7132607069865565,1,1,0.7132607069865565,0.7751121233054551
401810536,2026-01-29,WAS,MIL,Washington Wizards,Milwaukee Bucks,109,99,1,1288.7347765386473,1433.5132388425236,0.34099066165283104,0,0,0.6590093383471689,0.4359130647429033
401810537,2026-01-29,ATL,HOU,Atlanta Hawks,Houston Rockets,86,104,0,1517.5104579397857,1603.229153094812,0.518252730152347,1,0,0.518252730152347,0.5205408823683692
401810538,2026-01-29,DAL,CHA,Dallas Mavericks,Charlotte Hornets,121,123,0,1441.6725522239246,1576.3637337209966,0.459458278049074,0,1,0.540541721950926,0.45024063168020095
401810539,2026-01-29,DEN,BKN,Denver Nuggets,Brooklyn Nets,107,103,1,1553.3156267403124,1336.2669093582188,0.8075025265351586,1,1,0.8075025265351586,0.8611744664731651
401810540,2026-01-29,PHX,DET,Phoenix Suns,Detroit Pistons,114,96,1,1580.5886811976277,1642.325657115193,0.44773892737901305,0,0,0.5522610726209869,0.5548433730201611
401810541,2026-01-29,MIN,OKC,Minnesota Timberwolves,Oklahoma City Thunder,123,111,1,1591.8122859409996,1720.6041124729788,0.32529116520005164,0,0,0.6747088347999484,0.4586598202326693
401850920,2026-01-29,CHI,MIA,Chicago Bulls,Miami Heat,113,116,0,1455.5245200880258,1523.1154759049496,0.5556670529736929,1,0,0.5556670529736929,0.5465055557665917
401810542,2026-01-30,ORL,TOR,Orlando Magic,Toronto Raptors,130,120,1,1472.0159187320535,1517.9763128464,0.5206552986674854,1,1,0.5206552986674854,0.5771481172979365
401810543,2026-01-30,WAS,LAL,Washington Wizards,Los Angeles Lakers,111,142,0,1300.8774015762801,1519.9674260013633,0.22190603896722133,0,1,0.7780939610327786,0.3350265600736303
401810544,2026-01-30,BOS,SAC,Boston Celtics,Sacramento Kings,112,93,1,1629.408814963244,1359.163687369536,0.8782512339938797,1,1,0.8782512339938797,0.89390857465922
401810545,2026-01-30,NYK,POR,New York Knicks,Portland Trail Blazers,127,97,1,1560.5274296553725,1498.1248051153063,0.7069017647570821,1,1,0.7069017647570821,0.7180611756548777
401810546,2026-01-30,NOP,MEM,New Orleans Pelicans,Memphis Grizzlies,114,106,1,1362.647307986246,1449.5509663259909,0.43560906818951156,0,0,0.5643909318104885,0.518838229355405
401810548,2026-01-30,PHX,CLE,Phoenix Suns,Cleveland Cavaliers,126,113,1,1593.7458510824492,1593.9038519334604,0.49985844761959003,0,0,0.50014155238041,0.6398554348846143
401810549,2026-01-30,UTA,BKN,Utah Jazz,Brooklyn Nets,99,109,0,1325.0980535161932,1334.8662129009635,0.6506373418098682,1,0,0.6506373418098682,0.6270112507157485
401810550,2026-01-30,DEN,LAC,Denver Nuggets,LA Clippers,122,109,1,1554.7163231975676,1560.9336307013716,0.5217031092134223,1,1,0.5217031092134223,0.6317790526336421
401810551,2026-01-30,GSW,DET,Golden State Warriors,Detroit Pistons,124,131,0,1576.9961936548839,1629.1684872303715,0.5889695029742797,1,0,0.5889695029742797,0.568398097966419
401810547,2026-01-31,MIA,CHI,Miami Heat,Chicago Bulls,118,125,0,1529.3887305000906,1449.2512654928848,0.6168269225118019,1,0,0.6168269225118019,0.7382619675985291
401810552,2026-01-31,CHA,SAS,Charlotte Hornets,San Antonio Spurs,111,106,1,1580.5972447040658,1607.5708911547413,0.4736601916396579,0,0,0.5263398083603421,0.603572617538544
401810553,2026-01-31,IND,ATL,Indiana Pacers,Atlanta Hawks,129,124,1,1373.705717394241,1501.4710103117077,0.40921335761837924,0,0,0.5907866423816208,0.46012737620281763
401810554,2026-01-31,PHI,NOP,Philadelphia 76ers,New Orleans Pelicans,124,114,1,1477.8318114706,1371.2939510298702,0.7689912060665485,1,1,0.7689912060665485,0.7665491929536948
401810555,2026-01-31,MEM,MIN,Memphis Grizzlies,Minnesota Timberwolves,114,131,0,1440.9043232823667,1604.7076115616862,0.3330787494892906,0,1,0.6669212505107094,0.409198130117851
401810556,2026-01-31,HOU,DAL,Houston Rockets,Dallas Mavericks,111,107,1,1619.2686007228901,1437.4390412408554,0.734268748625733,1,1,0.734268748625733,0.8351177783620204
401810557,2026-02-01,BOS,MIL,Boston Celtics,Milwaukee Bucks,107,79,1,1631.996530003512,1421.3706138048908,0.7783825869712384,1,1,0.7783825869712384,0.8566949722294714
401810558,2026-02-01,SAS,ORL,San Antonio Spurs,Orlando Magic,112,103,1,1602.2992494543666,1480.4285317910653,0.6758430129903378,1,1,0.6758430129903378,0.7819711608875367
401810559,2026-02-01,DET,BKN,Detroit Pistons,Brooklyn Nets,130,77,1,1639.1125680807083,1348.892333845604,0.869887927659025,1,1,0.869887927659025,0.9043298847155747
401810560,2026-02-01,MIA,CHI,Miami Heat,Chicago Bulls,134,91,1,1514.8755946104775,1463.764401382498,0.6259487865662979,1,1,0.6259487865662979,0.7047178046899859
401810561,2026-02-01,TOR,UTA,Toronto Raptors,Utah Jazz,107,100,1,1509.5636997873883,1311.0719325715527,0.7952880782105375,1,1,0.7952880782105375,0.8479041563708068
401810562,2026-02-01,WAS,SAC,Washington Wizards,Sacramento Kings,116,112,1,1287.1777629599244,1356.575972329268,0.49388535913901405,0,0,0.506114640860986,0.5439259841660065
401810563,2026-02-01,NYK,LAL,New York Knicks,Los Angeles Lakers,112,100,1,1571.4389750991872,1533.667064617719,0.6288368807958047,1,1,0.6288368807958047,0.688492040687667
401810564,2026-02-01,PHX,LAC,Phoenix Suns,LA Clippers,93,117,0,1601.918609469875,1552.539916472087,0.6280923864709612,1,0,0.6280923864709612,0.7026382732682015
401810565,2026-02-01,POR,CLE,Portland Trail Blazers,Cleveland Cavaliers,111,130,0,1487.2132596714916,1585.7310935460346,0.4151781295418894,0,1,0.5848218704581106,0.50213299557676
401810566,2026-02-01,DEN,OKC,Denver Nuggets,Oklahoma City Thunder,111,121,0,1563.1100374268522,1707.7087868522922,0.33493693904045113,0,1,0.6650630609595489,0.43616746033359466
401810567,2026-02-02,CHA,NOP,Charlotte Hornets,New Orleans Pelicans,102,95,1,1585.8688864044404,1367.1357351861195,0.7880086012888481,1,1,0.7880086012888481,0.862329643331266
401810568,2026-02-02,IND,HOU,Indiana Pacers,Houston Rockets,114,118,0,1381.476905626006,1620.9704479134216,0.29279802573500946,0,1,0.7072019742649905,0.30938642543780204
401810569,2026-02-02,MEM,MIN,Memphis Grizzlies,Minnesota Timberwolves,137,128,1,1429.4990410215075,1616.1128938225454,0.3364197838200394,0,0,0.6635802161799607,0.3778722185461428
401810570,2026-02-02,LAC,PHI,LA Clippers,Philadelphia 76ers,113,128,0,1582.2609318884986,1481.9900273143508,0.633673996599494,1,0,0.633673996599494,0.760031460517636
401810571,2026-02-03,DET,DEN,Detroit Pistons,Denver Nuggets,124,121,1,1643.9800382546623,1554.3692309196758,0.7035928800755912,1,1,0.7035928800755912,0.7486617327271616
401810572,2026-02-03,IND,UTA,Indiana Pacers,Utah Jazz,122,131,0,1377.9564254805894,1309.0061377201903,0.6037508068494687,1,0,0.6037508068494687,0.7256286765447215
401810573,2026-02-03,WAS,NYK,Washington Wizards,New York Knicks,101,132,0,1292.808670576848,1577.968819121853,0.19335016098613855,0,1,0.8066498390138614,0.2561897664803932
401810574,2026-02-03,BKN,LAL,Brooklyn Nets,Los Angeles Lakers,109,125,0,1344.02486367165,1527.1372205950533,0.2682294710790721,0,1,0.731770528920928,0.38262217391493464
401810575,2026-02-03,MIA,ATL,Miami Heat,Atlanta Hawks,115,127,0,1529.9018120488706,1493.6998220799426,0.6277708517126553,1,0,0.6277708517126553,0.6865505339729856
401810576,2026-02-03,DAL,BOS,Dallas Mavericks,Boston Celtics,100,110,0,1435.737194050324,1636.7710609578767,0.3336776082070822,0,1,0.6663223917929177,0.3585650482318805
401810577,2026-02-03,MIL,CHI,Milwaukee Bucks,Chicago Bulls,131,115,1,1416.596082850526,1448.7381839441048,0.5133398246819206,1,1,0.5133398246819206,0.5964322956666498
401810578,2026-02-03,OKC,ORL,Oklahoma City Thunder,Orlando Magic,128,92,1,1716.4495933594685,1476.8238409815092,0.846658270869548,1,1,0.846658270869548,0.8759954878215863
401810579,2026-02-03,GSW,PHI,Golden State Warriors,Philadelphia 76ers,94,113,0,1567.052112804547,1506.3597778969852,0.7473162716058411,1,0,0.7473162716058411,0.716063745753542
401810580,2026-02-03,POR,PHX,Portland Trail Blazers,Phoenix Suns,125,130,0,1471.3189781915444,1572.1975940534635,0.44482027400256463,0,1,0.5551797259974354,0.49873557282906456
401810581,2026-02-04,NYK,DEN,New York Knicks,Denver Nuggets,134,127,1,1587.9624496759002,1551.9290992360236,0.6782742487681102,1,1,0.6782742487681102,0.6863415881256821
401810582,2026-02-04,TOR,MIN,Toronto Raptors,Minnesota Timberwolves,126,128,0,1511.6294946387507,1603.099833309528,0.45454922445491835,0,1,0.5454507755450817,0.5122727038251902
401810583,2026-02-04,HOU,BOS,Houston Rockets,Boston Celtics,93,114,0,1624.4909280588383,1643.6565556048943,0.5784297365483788,1,0,0.5784297365483788,0.6142754791543455
401810584,2026-02-04,MIL,NOP,Milwaukee Bucks,New Orleans Pelicans,141,137,1,1427.3589863510829,1365.2899969526945,0.635085866277984,1,1,0.635085866277984,0.7176721971498866
401810585,2026-02-04,SAS,OKC,San Antonio Spurs,Oklahoma City Thunder,116,106,1,1605.9039402639228,1721.3234531260712,0.43789593177008207,0,0,0.5621040682299179,0.47782409501528755
401810586,2026-02-04,SAC,MEM,Sacramento Kings,Memphis Grizzlies,125,129,0,1350.9450647123444,1442.5121015345248,0.44340376629650424,0,1,0.5565962337034958,0.5121336268930684
401810587,2026-02-04,LAC,CLE,LA Clippers,Cleveland Cavaliers,91,124,0,1557.8911813058642,1601.6253750259818,0.5023801356704112,1,0,0.5023801356704112,0.5802724725650217
401810588,2026-02-05,DET,WAS,Detroit Pistons,Washington Wizards,117,126,0,1646.4201699383145,1282.8150400228008,0.9171482253787964,1,0,0.9171482253787964,0.93515579855219
401810589,2026-02-05,ORL,BKN,Orlando Magic,Brooklyn Nets,118,98,1,1471.9499812149065,1333.9373297789448,0.773647644097031,1,1,0.773647644097031,0.7973980798874641
401810590,2026-02-05,ATL,UTA,Atlanta Hawks,Utah Jazz,121,119,1,1511.6313717761197,1325.340136324211,0.7679319258054246,1,1,0.7679319258054246,0.8386239215004457
401810591,2026-02-05,TOR,CHI,Toronto Raptors,Chicago Bulls,123,107,1,1506.6450174100905,1437.975280443548,0.6150023458538958,1,1,0.6150023458538958,0.7253070302593849
401810592,2026-02-05,HOU,CHA,Houston Rockets,Charlotte Hornets,99,109,0,1602.2304298997326,1587.7146246378654,0.5442236301422462,1,0,0.5442236301422462,0.6590819970140106
401810593,2026-02-05,DAL,SAS,Dallas Mavericks,San Antonio Spurs,123,135,0,1428.8516994033064,1616.8770784072367,0.42215444144353914,0,1,0.5778455585564608,0.3759639650749083
401810594,2026-02-05,PHX,GSW,Phoenix Suns,Golden State Warriors,97,101,0,1579.2122425347989,1541.0733768210237,0.5481255424766374,1,0,0.5481255424766374,0.688944900525065
401810595,2026-02-05,LAL,PHI,Los Angeles Lakers,Philadelphia 76ers,119,115,1,1537.2247544877587,1532.3385138805086,0.6161645473740447,1,1,0.6161645473740447,0.6465192020380603
401810596,2026-02-06,BOS,MIA,Boston Celtics,Miami Heat,98,96,1,1665.917053764,1511.9702623526935,0.712041792750505,1,1,0.712041792750505,0.8118132096091984
401810597,2026-02-06,DET,NYK,Detroit Pistons,New York Knicks,118,80,1,1617.4822679455053,1592.7219570515654,0.5525066534397256,1,1,0.5525066534397256,0.6722056918002799
401810598,2026-02-06,MIL,IND,Milwaukee Bucks,Indiana Pacers,105,99,1,1430.5202077281958,1361.6224268765686,0.6696263064285453,1,1,0.6696263064285453,0.7255684961656077
401810599,2026-02-06,MIN,NOP,Minnesota Timberwolves,New Orleans Pelicans,115,119,0,1608.0843105381882,1362.1287755755816,0.8562168612242181,1,0,0.8562168612242181,0.8798996416040276
401810600,2026-02-06,POR,MEM,Portland Trail Blazers,Memphis Grizzlies,135,115,1,1464.304329710209,1449.0339438807166,0.5733695679332734,1,1,0.5733695679332734,0.6600573235036665
401810601,2026-02-06,SAC,LAC,Sacramento Kings,LA Clippers,111,114,0,1344.4232223661527,1529.4042885620952,0.3667767825591094,0,1,0.6332232174408906,0.3800843212780577
401810602,2026-02-07,BKN,WAS,Brooklyn Nets,Washington Wizards,127,113,1,1328.3616484099607,1311.75294201561,0.5832368969130894,1,1,0.5832368969130894,0.6617838206181186
401810603,2026-02-07,OKC,HOU,Oklahoma City Thunder,Houston Rockets,106,112,0,1710.3503149827573,1587.1715807579628,0.7972127021899678,1,0,0.7972127021899678,0.7832521649050481
401810604,2026-02-07,SAS,DAL,San Antonio Spurs,Dallas Mavericks,138,125,1,1625.0510593857261,1420.677718424817,0.7652367742705614,1,1,0.7652367742705614,0.8522192148695715
401810605,2026-02-07,ORL,UTA,Orlando Magic,Utah Jazz,120,117,1,1477.5256625838906,1324.0712569042864,0.7502414585592587,1,1,0.7502414585592587,0.811379808403151
401810606,2026-02-07,ATL,CHA,Atlanta Hawks,Charlotte Hornets,119,126,0,1512.9002511960443,1602.7734737796352,0.49390926099221744,0,1,0.5060907390077826,0.5145694785522044
401810607,2026-02-07,CHI,DEN,Chicago Bulls,Denver Nuggets,120,136,0,1431.1699711814954,1547.1695918603584,0.40782340674949025,0,1,0.5921765932505098,0.47699095743340225
401810608,2026-02-07,LAL,GSW,Los Angeles Lakers,Golden State Warriors,105,99,1,1541.3497185730193,1550.8703319218648,0.5520177723876032,1,1,0.5520177723876032,0.6273444500078365
401810609,2026-02-07,PHX,PHI,Phoenix Suns,Philadelphia 76ers,103,109,0,1569.4152874339577,1528.213549795248,0.6235230187062895,1,0,0.6235230187062895,0.6927106442094049
401810610,2026-02-07,POR,MEM,Portland Trail Blazers,Memphis Grizzlies,122,115,1,1474.5007571615035,1438.837516429422,0.6256033278998987,1,1,0.6256033278998987,0.6858827539953327
401810611,2026-02-07,SAC,CLE,Sacramento Kings,Cleveland Cavaliers,126,132,0,1340.4439414931157,1630.1122677697508,0.1951084909405204,0,1,0.8048915090594796,0.25127596913344
401810612,2026-02-08,BOS,NYK,Boston Celtics,New York Knicks,89,111,0,1667.4285651134146,1577.216654203346,0.6307821011467161,1,0,0.6307821011467161,0.7493122746802285
401810613,2026-02-08,WAS,MIA,Washington Wizards,Miami Heat,101,132,0,1303.795232561637,1510.4587510032788,0.21982679048813603,0,1,0.780173209511864,0.35114624372210973
401810614,2026-02-08,TOR,IND,Toronto Raptors,Indiana Pacers,122,104,1,1513.450326672143,1357.8834256395814,0.7725049465347307,1,1,0.7725049465347307,0.8132338400379817
401810615,2026-02-08,MIN,LAC,Minnesota Timberwolves,LA Clippers,96,115,0,1592.6956603838184,1533.3835694351321,0.6969769449964756,1,0,0.6969769449964756,0.7144455614252359
401810616,2026-02-09,CHA,DET,Charlotte Hornets,Detroit Pistons,104,110,0,1611.5020917765978,1632.9875707937247,0.4154945526822346,0,1,0.5845054473177653,0.611106545822171
401810617,2026-02-09,BKN,CHI,Brooklyn Nets,Chicago Bulls,123,115,1,1336.3193578639336,1417.9278305292553,0.41886891399078025,0,0,0.5811310860092198,0.5264428413498285
401810618,2026-02-09,MIA,UTA,Miami Heat,Utah Jazz,111,115,0,1524.9490637581218,1322.3177896286868,0.7771573748987523,1,0,0.7771573748987523,0.8509517882116447
401810619,2026-02-09,ORL,MIL,Orlando Magic,Milwaukee Bucks,118,99,1,1479.2791298594902,1434.259208965183,0.6184670938203566,1,1,0.6184670938203566,0.6973692805298916
401810620,2026-02-09,MIN,ATL,Minnesota Timberwolves,Atlanta Hawks,138,116,1,1566.8084332824021,1504.1716331990817,0.6204331966950355,1,1,0.6204331966950355,0.7183340017175958
401810621,2026-02-09,NOP,SAC,New Orleans Pelicans,Sacramento Kings,120,94,1,1377.5174257299514,1337.069815779675,0.5856236055015002,1,1,0.5856236055015002,0.6917858124133883
401810622,2026-02-09,DEN,CLE,Denver Nuggets,Cleveland Cavaliers,117,119,0,1560.4117325125985,1633.4863934831915,0.4971165953201419,0,1,0.502883404679858,0.5386712907873632
401810623,2026-02-09,GSW,MEM,Golden State Warriors,Memphis Grizzlies,114,113,1,1545.4960529485136,1434.0697735039037,0.7029914262363769,1,1,0.7029914262363769,0.7715470719074877
401810624,2026-02-09,LAL,OKC,Los Angeles Lakers,Oklahoma City Thunder,110,119,0,1546.7239975463706,1695.6041359512465,0.3353161384009687,0,1,0.6646838615990314,0.4301162932842341
401810625,2026-02-09,POR,PHI,Portland Trail Blazers,Philadelphia 76ers,135,118,1,1479.268500087022,1540.2909116127792,0.498429156626838,0,0,0.501570843373162,0.5558591111138953
401810626,2026-02-10,NYK,IND,New York Knicks,Indiana Pacers,134,137,0,1608.1676456309294,1353.1600518854443,0.8416461736266119,1,0,0.8416461736266119,0.8852981149927388
401810627,2026-02-10,HOU,LAC,Houston Rockets,LA Clippers,102,95,1,1601.9177597894736,1559.2707965365485,0.6151231339667466,1,1,0.6151231339667466,0.6944786859196087
401810628,2026-02-10,PHX,DAL,Phoenix Suns,Dallas Mavericks,120,111,1,1557.3379256164264,1417.7654100313555,0.7127796418066185,1,1,0.7127796418066185,0.7988448519057467
401810629,2026-02-10,LAL,SAS,Los Angeles Lakers,San Antonio Spurs,108,136,0,1538.6657508162987,1627.9633677791876,0.4108010494700868,0,1,0.5891989505299132,0.5153970975719717
401810630,2026-02-11,CHA,ATL,Charlotte Hornets,Atlanta Hawks,110,107,1,1601.4176287330195,1495.4432328062815,0.6601740291006093,1,1,0.6601740291006093,0.7659682507380502
401810631,2026-02-11,CLE,WAS,Cleveland Cavaliers,Washington Wizards,138,113,1,1638.8065647072424,1289.304919806794,0.9032870335309934,1,1,0.9032870335309934,0.9300553227781098
401810632,2026-02-11,ORL,MIL,Orlando Magic,Milwaukee Bucks,108,116,0,1487.8524588766306,1425.6858799480426,0.6442791020809717,1,0,0.6442791020809717,0.7177860085013336
401810633,2026-02-11,BOS,CHI,Boston Celtics,Chicago Bulls,124,105,1,1636.4775736858312,1409.4533718355692,0.7963346957917146,1,1,0.7963346957917146,0.8678983193941667
401810634,2026-02-11,BKN,IND,Brooklyn Nets,Indiana Pacers,110,115,0,1344.7938165576197,1366.9852045153618,0.6007768535722796,1,0,0.6007768535722796,0.6101403893381501
401810635,2026-02-11,PHI,NYK,Philadelphia 76ers,New York Knicks,89,138,0,1527.6732715916746,1594.342493001012,0.5515493687719799,1,0,0.5515493687719799,0.547820235231574
401810636,2026-02-11,TOR,DET,Toronto Raptors,Detroit Pistons,95,113,0,1518.1737004262802,1643.072033837303,0.37864569771431056,0,1,0.6213543022856894,0.4642296311604616
401810637,2026-02-11,HOU,LAC,Houston Rockets,LA Clippers,102,105,0,1606.53177712722,1554.656779198802,0.6365518505762846,1,0,0.6365518505762846,0.7056319160263947
401810638,2026-02-11,MIN,POR,Minnesota Timberwolves,Portland Trail Blazers,133,109,1,1575.5368336752024,1491.8861401081265,0.6906919993245534,1,1,0.6906919993245534,0.7421509596364394
401810639,2026-02-11,NOP,MIA,New Orleans Pelicans,Miami Heat,111,123,0,1388.4442797180152,1510.7472736874888,0.3499018292793897,0,1,0.6500981707206104,0.46794742653744004
401810640,2026-02-11,PHX,OKC,Phoenix Suns,Oklahoma City Thunder,109,136,0,1560.624119957646,1703.6623826813184,0.2957870512825313,0,1,0.7042129487174686,0.43837783218845033
401810641,2026-02-11,UTA,SAC,Utah Jazz,Sacramento Kings,121,93,1,1336.5195796993198,1326.1429617916112,0.5916369015999016,1,1,0.5916369015999016,0.6537081061091871
401810642,2026-02-11,DEN,MEM,Denver Nuggets,Memphis Grizzlies,122,116,1,1555.0915612885476,1432.4901755789267,0.7342389106305011,1,1,0.7342389106305011,0.7826874116361221
401810643,2026-02-11,GSW,SAS,Golden State Warriors,San Antonio Spurs,113,126,0,1547.0756508734905,1649.5872891880763,0.5262898569697262,1,0,0.5262898569697262,0.4963855248745373
401810644,2026-02-12,OKC,MIL,Oklahoma City Thunder,Milwaukee Bucks,93,110,0,1720.834069429874,1440.6629025306836,0.8807052240928179,1,0,0.8807052240928179,0.8992067098986359
401810645,2026-02-12,UTA,POR,Utah Jazz,Portland Trail Blazers,119,135,0,1349.7554123430439,1483.512931198411,0.4421070296883857,0,1,0.5578929703116142,0.4515713254364085
401810646,2026-02-12,LAL,DAL,Los Angeles Lakers,Dallas Mavericks,124,104,1,1517.04182940741,1414.479215690136,0.6863634172632015,1,1,0.6863634172632015,0.762429230694458
401810647,2026-02-19,CHA,HOU,Charlotte Hornets,Houston Rockets,101,105,0,1603.6642030339872,1597.550746409228,0.5528339078282661,1,0,0.5528339078282661,0.6481319736440143
401810648,2026-02-19,CLE,BKN,Cleveland Cavaliers,Brooklyn Nets,112,84,1,1640.7791611764799,1335.6362099450862,0.8839732904301866,1,1,0.8839732904301866,0.9115081679136939
401810649,2026-02-19,PHI,ATL,Philadelphia 76ers,Atlanta Hawks,107,117,0,1492.2615559141618,1493.1966585053137,0.5782069374900335,1,0,0.5782069374900335,0.6388239488024778
401810650,2026-02-19,WAS,IND,Washington Wizards,Indiana Pacers,112,105,1,1287.3323233375565,1376.1428111278954,0.4309119040498518,0,0,0.5690880959501482,0.5160974373279632
401810651,2026-02-19,NYK,DET,New York Knicks,Detroit Pistons,111,126,0,1629.7542086785247,1656.9367660245682,0.5201313392189706,1,0,0.5201313392189706,0.6032848352869843
401810652,2026-02-19,CHI,TOR,Chicago Bulls,Toronto Raptors,101,110,0,1406.1429230430133,1504.308968239015,0.451797258429682,0,1,0.548202741570318,0.5026392486081094
401810653,2026-02-19,SAS,PHX,San Antonio Spurs,Phoenix Suns,121,94,1,1661.7271042269208,1543.4524332090903,0.7179011357553703,1,1,0.7179011357553703,0.7784212906788823
401810654,2026-02-19,GSW,BOS,Golden State Warriors,Boston Celtics,110,121,0,1534.935835834646,1639.7880224783871,0.45164685158950785,0,1,0.5483531484104922,0.4930175960498475
401810655,2026-02-19,SAC,ORL,Sacramento Kings,Orlando Magic,94,131,0,1312.9071291478872,1472.8754362939897,0.35198448736541627,0,1,0.6480155126345837,0.41454559807027314
401810656,2026-02-19,LAC,DEN,LA Clippers,Denver Nuggets,115,114,1,1563.6378099167941,1557.9443685589974,0.5313624442035627,1,1,0.5313624442035627,0.6475803798311494
401810657,2026-02-20,CHA,CLE,Charlotte Hornets,Cleveland Cavaliers,113,118,0,1594.705654046009,1643.559103452349,0.45096139902583243,0,1,0.5490386009741676,0.5730786620575394
401810658,2026-02-20,WAS,IND,Washington Wizards,Indiana Pacers,131,118,1,1295.4020034021535,1368.0731310632984,0.45195354379386415,0,0,0.5480464562061358,0.539248495930593
401810659,2026-02-20,MEM,UTA,Memphis Grizzlies,Utah Jazz,123,114,1,1429.6373683084769,1337.3923806537803,0.697323458996758,1,1,0.697323458996758,0.7515042472330029
401810660,2026-02-20,ATL,MIA,Atlanta Hawks,Miami Heat,97,128,0,1507.5967012160295,1521.4466451724163,0.45024439771417046,0,1,0.5497556022858295,0.6214999409419851
401810661,2026-02-20,MIN,DAL,Minnesota Timberwolves,Dallas Mavericks,122,111,1,1583.9100425849178,1407.7816164699768,0.7977003428551017,1,1,0.7977003428551017,0.8305489811238822
401810662,2026-02-20,NOP,MIL,New Orleans Pelicans,Milwaukee Bucks,118,139,0,1377.7449082330877,1478.5183584617575,0.43106203771823554,0,1,0.5689379622817645,0.49888691748455505
401810663,2026-02-20,OKC,BKN,Oklahoma City Thunder,Brooklyn Nets,105,86,1,1682.9786134988003,1332.856267669217,0.942119551144508,1,1,0.942119551144508,0.9302874009299661
401810664,2026-02-20,LAL,LAC,Los Angeles Lakers,LA Clippers,125,122,1,1523.7394286275692,1566.2645997222053,0.6775055201475917,1,1,0.6775055201475917,0.5819665967205581
401810665,2026-02-20,POR,DEN,Portland Trail Blazers,Denver Nuggets,103,157,0,1495.8759628876746,1555.3175787535863,0.5416493970398224,1,0,0.5416493970398224,0.5581045085603475
401810666,2026-02-21,PHX,ORL,Phoenix Suns,Orlando Magic,113,110,1,1535.808859279937,1493.0515844154747,0.5851587561568145,1,1,0.5851587561568145,0.6946134033271888
401810667,2026-02-21,NOP,PHI,New Orleans Pelicans,Philadelphia 76ers,126,111,1,1360.845511563279,1477.861513203446,0.34889769780205365,0,0,0.6511023021979463,0.4755315657646107
401810668,2026-02-21,MIA,MEM,Miami Heat,Memphis Grizzlies,136,120,1,1551.3421561348694,1433.8301637458508,0.7323419753055871,1,1,0.7323419753055871,0.7776631138634654
401810669,2026-02-21,CHI,DET,Chicago Bulls,Detroit Pistons,110,126,0,1396.3433359811445,1674.1862194987823,0.21756735916669345,0,1,0.7824326408333065,0.26429838107338904
401810670,2026-02-21,SAS,SAC,San Antonio Spurs,Sacramento Kings,139,122,1,1669.370678156074,1292.730981026402,0.9050283335843351,1,1,0.9050283335843351,0.9395598926828523
401810671,2026-02-21,NYK,HOU,New York Knicks,Houston Rockets,108,106,1,1612.5047552043106,1606.5092953972062,0.6486742008719157,1,1,0.6486742008719157,0.6479770517039684
401810672,2026-02-22,OKC,CLE,Oklahoma City Thunder,Cleveland Cavaliers,121,113,1,1684.5991095944712,1651.9691592263835,0.6582505815848015,1,1,0.6582505815848015,0.6821086647952115
401810673,2026-02-22,ATL,BKN,Atlanta Hawks,Brooklyn Nets,115,104,1,1477.7011902535764,1331.2357715735461,0.755297768388221,1,1,0.755297768388221,0.8051453615096666
401810674,2026-02-22,MIL,TOR,Milwaukee Bucks,Toronto Raptors,94,122,0,1495.4177551315663,1514.1085553008838,0.5378325097985942,1,0,0.5378325097985942,0.6149229138567182
401810675,2026-02-22,GSW,DEN,Golden State Warriors,Denver Nuggets,128,117,1,1524.1202257569057,1594.375511430017,0.4578188558735905,0,0,0.5421811441264095,0.5427018089857336
401810676,2026-02-22,IND,DAL,Indiana Pacers,Dallas Mavericks,130,134,0,1357.0237293261075,1404.725046959958,0.4885952215983159,0,1,0.5114047784016841,0.5747005017315998
401810677,2026-02-22,WAS,CHA,Washington Wizards,Charlotte Hornets,112,129,0,1306.4514051393444,1586.2955982719745,0.24984219737428068,0,1,0.7501578026257193,0.26206437822752754
401810678,2026-02-22,LAL,BOS,Los Angeles Lakers,Boston Celtics,89,111,0,1528.2080894737383,1650.6036325561274,0.44931686910287827,0,1,0.5506831308971217,0.46781478726138215
401810679,2026-02-22,MIN,PHI,Minnesota Timberwolves,Philadelphia 76ers,108,135,0,1586.9666120949366,1463.544294345847,0.8055285433449864,1,0,0.8055285433449864,0.7834901158608947
401810680,2026-02-22,CHI,NYK,Chicago Bulls,New York Knicks,99,105,0,1389.837610889204,1615.6406933598992,0.29504705036265144,0,1,0.7049529496373486,0.3264730171985829
401810681,2026-02-22,PHX,POR,Phoenix Suns,Portland Trail Blazers,77,92,0,1538.873462701019,1456.818030211244,0.6026027330276809,1,0,0.6026027330276809,0.7403897583632248
401810682,2026-02-22,LAC,ORL,LA Clippers,Orlando Magic,109,111,0,1561.7959388760362,1489.9869809943928,0.6701523159760051,1,0,0.6701523159760051,0.7288927026442291
401810683,2026-02-23,DET,SAS,Detroit Pistons,San Antonio Spurs,103,114,0,1680.6919445907229,1670.6524958053533,0.6233739238157853,1,0,0.6233739238157853,0.6532686058497722
401810684,2026-02-23,MEM,SAC,Memphis Grizzlies,Sacramento Kings,114,123,0,1428.5052633801763,1291.4491633771229,0.7517453526836296,1,0,0.7517453526836296,0.7965070475993321
401810685,2026-02-23,HOU,UTA,Houston Rockets,Utah Jazz,125,105,1,1603.3733572416177,1333.1995852164064,0.8077468885476399,1,1,0.8077468885476399,0.8938696139168177
401810686,2026-02-24,IND,PHI,Indiana Pacers,Philadelphia 76ers,114,135,0,1349.4370762286676,1502.200342406227,0.3927483994574433,0,1,0.6072516005425568,0.4246459627360929
401810687,2026-02-24,ATL,WAS,Atlanta Hawks,Washington Wizards,119,98,1,1481.2856626234861,1299.7398676839691,0.7947258193723794,1,1,0.7947258193723794,0.8348927314336478
401810688,2026-02-24,BKN,DAL,Brooklyn Nets,Dallas Mavericks,114,123,0,1327.6512992036364,1412.311700057398,0.4071073757428429,0,1,0.592892624257157,0.5220611249585078
401810689,2026-02-24,TOR,OKC,Toronto Raptors,Oklahoma City Thunder,107,116,0,1541.4668580685195,1689.8178491492022,0.33630163098122623,0,1,0.6636983690187738,0.430863079954572
401810690,2026-02-24,CLE,NYK,Cleveland Cavaliers,New York Knicks,109,94,1,1646.7504196716525,1620.2280633334392,0.6119802454873701,1,1,0.6119802454873701,0.6744367698074604
401810691,2026-02-24,CHI,CHA,Chicago Bulls,Charlotte Hornets,99,131,0,1385.2502409156639,1593.0071357273498,0.3645266579538224,0,1,0.6354733420461776,0.3497135541281847
401810692,2026-02-24,MIL,MIA,Milwaukee Bucks,Miami Heat,128,117,1,1468.0594523639306,1556.6670565005438,0.42777816191087675,0,0,0.5722218380891233,0.5163891022264454
401810693,2026-02-24,NOP,GSW,New Orleans Pelicans,Golden State Warriors,113,109,1,1375.162730420878,1533.9571043814383,0.3593153419921202,0,0,0.6406846580078798,0.4161866173137683
401810694,2026-02-24,PHX,BOS,Phoenix Suns,Boston Celtics,81,97,0,1515.5384285343696,1666.6983204165372,0.3548386659090698,0,1,0.6451613340909301,0.4269025485327791
401810695,2026-02-24,LAL,ORL,Los Angeles Lakers,Orlando Magic,109,110,0,1512.1134016133285,1498.1532302526823,0.6085971606087578,1,0,0.6085971606087578,0.658362954644303
401810696,2026-02-24,POR,MIN,Portland Trail Blazers,Minnesota Timberwolves,121,124,0,1480.1530643778933,1548.3105640345566,0.40690121407762825,0,1,0.5930987859223718,0.5456971651573581
401810697,2026-02-25,DET,OKC,Detroit Pistons,Oklahoma City Thunder,124,116,1,1664.9164443738177,1697.8933768264897,0.6041481098035313,1,1,0.6041481098035313,0.5952750315694341
401810698,2026-02-25,TOR,SAS,Toronto Raptors,San Antonio Spurs,107,110,0,1533.391330391232,1686.4279960222584,0.34904046956563944,0,1,0.6509595304343605,0.42426149144789943
401810699,2026-02-25,MEM,GSW,Memphis Grizzlies,Golden State Warriors,112,133,0,1409.3702851912547,1526.2081253192503,0.5130496028632525,1,0,0.5130496028632525,0.4757873531681089
401810700,2026-02-25,HOU,SAC,Houston Rockets,Sacramento Kings,128,97,1,1606.055853722154,1310.5841415660445,0.8557414166670695,1,1,0.8557414166670695,0.9069135223682246
401810701,2026-02-25,MIL,CLE,Milwaukee Bucks,Cleveland Cavaliers,118,116,1,1478.6136942678204,1654.7110751510363,0.3753864938680022,0,0,0.6246135061319977,0.3922052990923879
401810702,2026-02-25,DEN,BOS,Denver Nuggets,Boston Celtics,103,84,1,1584.5386328054844,1678.2296585138324,0.5903221605242079,1,1,0.5903221605242079,0.5090783460444219
401810703,2026-02-26,IND,CHA,Indiana Pacers,Charlotte Hornets,109,133,0,1335.62658158508,1607.7650039756636,0.29967438665277846,0,1,0.7003256133472215,0.2707326863558134
401810704,2026-02-26,PHI,MIA,Philadelphia 76ers,Miami Heat,124,117,1,1516.0108370498147,1546.112814596654,0.4841283958132616,0,0,0.5158716041867384,0.5992558306945042
401810705,2026-02-26,ATL,WAS,Atlanta Hawks,Washington Wizards,126,96,1,1485.8532192913647,1295.1723110160906,0.8082045237665287,1,1,0.8082045237665287,0.8420144783431696
401810706,2026-02-26,BKN,SAS,Brooklyn Nets,San Antonio Spurs,110,126,0,1317.3617208712046,1690.9786804886958,0.2010200237934848,0,1,0.7989799762065152,0.17149541619072134
401810707,2026-02-26,ORL,HOU,Orlando Magic,Houston Rockets,108,113,0,1504.009196519442,1609.2229265873086,0.5307840233273652,1,0,0.5307840233273652,0.4924974024525041
401810708,2026-02-26,CHI,POR,Chicago Bulls,Portland Trail Blazers,112,121,0,1370.49237266735,1473.89200244204,0.43058703815425153,0,1,0.5694129618457484,0.4951076956108139
401810709,2026-02-26,DAL,SAC,Dallas Mavericks,Sacramento Kings,121,130,0,1422.6012783898298,1307.41706870089,0.7971515672038173,1,0,0.7971515672038173,0.775337629133974
401810710,2026-02-26,PHX,LAL,Phoenix Suns,Los Angeles Lakers,113,110,1,1504.0070904370743,1506.2574353465689,0.5069163511976568,1,1,0.5069163511976568,0.6370752450701762
401810711,2026-02-26,UTA,NOP,Utah Jazz,New Orleans Pelicans,118,129,0,1330.51708873587,1382.911709483066,0.5522303626520642,1,0,0.5522303626520642,0.5680841033761721
401810712,2026-02-26,LAC,MIN,LA Clippers,Minnesota Timberwolves,88,94,0,1553.6296896177466,1554.57162597041,0.5019893992758617,1,0,0.5019893992758617,0.638814872310629
401810713,2026-02-27,DET,CLE,Detroit Pistons,Cleveland Cavaliers,122,119,1,1671.8916900667357,1648.456762517047,0.6462640266795505,1,1,0.6462640266795505,0.6705223602560305
401810714,2026-02-27,BOS,BKN,Boston Celtics,Brooklyn Nets,148,111,1,1662.7866249071412,1313.4057020937114,0.9137872371874058,1,1,0.9137872371874058,0.9300101022447901
401810715,2026-02-27,MIL,NYK,Milwaukee Bucks,New York Knicks,98,127,0,1484.8680069018096,1612.2674078540554,0.3885811055288188,0,1,0.6114188944711811,0.46065063225776876
401810716,2026-02-27,DAL,MEM,Dallas Mavericks,Memphis Grizzlies,105,124,0,1404.3685544244815,1393.4577416349537,0.5151475291052612,1,0,0.5151475291052612,0.6544038926878302
401810717,2026-02-27,OKC,DEN,Oklahoma City Thunder,Denver Nuggets,127,121,1,1690.9181311335717,1599.9816664121756,0.6731639339550058,1,1,0.6731639339550058,0.75009492950092
401810718,2026-02-28,CHA,POR,Charlotte Hornets,Portland Trail Blazers,109,93,1,1616.6277556126508,1483.5044471963336,0.7028587064732137,1,1,0.7028587064732137,0.7928130038793232
401810719,2026-02-28,MIA,HOU,Miami Heat,Houston Rockets,115,105,1,1539.7271577105519,1616.1259126738407,0.5391872438506953,1,1,0.5391872438506953,0.5339127748243068
401810720,2026-02-28,WAS,TOR,Washington Wizards,Toronto Raptors,125,134,0,1289.5670675026956,1528.8406459247947,0.2246250147127582,0,1,0.7753749852872418,0.30965703814143025
401810721,2026-02-28,GSW,LAL,Golden State Warriors,Los Angeles Lakers,101,129,0,1542.1206688755512,1502.4938037275874,0.6080124438880173,1,0,0.6080124438880173,0.690777532760136
401810722,2026-02-28,UTA,NOP,Utah Jazz,New Orleans Pelicans,105,115,0,1317.510997810739,1395.917800408197,0.5234726496296801,1,0,0.5234726496296801,0.5310351600006966
401810723,2026-03-01,NYK,SAS,New York Knicks,San Antonio Spurs,114,89,1,1631.5002599299996,1694.934699266189,0.49914655468238445,0,0,0.5008534453176156,0.5524286422904171
401810724,2026-03-01,BKN,CLE,Brooklyn Nets,Cleveland Cavaliers,102,106,0,1310.779843355796,1645.1038856524297,0.17823657004438148,0,1,0.8217634299556185,0.20605392829478963
401810725,2026-03-01,CHI,MIL,Chicago Bulls,Milwaukee Bucks,120,97,1,1360.8799279130565,1465.6351548258654,0.47971935053243675,0,0,0.5202806494675632,0.49315710564755205
401810726,2026-03-01,DEN,MIN,Denver Nuggets,Minnesota Timberwolves,108,117,0,1596.6289023795184,1565.3014934135915,0.613261235740738,1,0,0.613261235740738,0.6804806030613098
401810727,2026-03-01,IND,MEM,Indiana Pacers,Memphis Grizzlies,106,125,0,1326.7638299480927,1416.1618805131552,0.44866400247205757,0,1,0.5513359975279424,0.515252697779135
401810728,2026-03-01,ATL,POR,Atlanta Hawks,Portland Trail Blazers,135,101,1,1491.4584628047596,1478.5946126232432,0.6922162271914977,1,1,0.6922162271914977,0.6569420770691816
401810729,2026-03-01,BOS,PHI,Boston Celtics,Philadelphia 76ers,114,98,1,1665.4124836450567,1522.3964939359169,0.72523122296635,1,1,0.72523122296635,0.8020112601398973
401810730,2026-03-01,ORL,DET,Orlando Magic,Detroit Pistons,92,106,0,1497.1062104329098,1675.2445669313531,0.34640710452730467,0,1,0.6535928954726953,0.3894081911743775
401810731,2026-03-01,DAL,OKC,Dallas Mavericks,Oklahoma City Thunder,87,100,0,1381.66441554628,1694.270895166229,0.20314313783039412,0,1,0.7968568621696059,0.2272576515418652
401810732,2026-03-01,LAC,NOP,LA Clippers,New Orleans Pelicans,137,117,1,1542.899822174565,1407.1331932736282,0.7944678832984502,1,1,0.7944678832984502,0.7953012866761467
401810733,2026-03-01,LAL,SAC,Los Angeles Lakers,Sacramento Kings,128,104,1,1534.8410532488763,1325.6497926662382,0.7908837935391021,1,1,0.7908837935391021,0.855678092115628
401810734,2026-03-02,WAS,HOU,Washington Wizards,Houston Rockets,118,123,0,1284.1431019671106,1606.6315208236697,0.19439926967771223,0,1,0.8056007303222877,0.21742321502104095
401810735,2026-03-02,MIL,BOS,Milwaukee Bucks,Boston Celtics,81,108,0,1447.2496288598118,1670.0732535030759,0.3159239106368688,0,1,0.6840760893631312,0.3302555179449254
401810736,2026-03-02,UTA,DEN,Utah Jazz,Denver Nuggets,125,128,0,1306.2956049453078,1581.8263538029125,0.2882649377383781,0,1,0.7117350622616219,0.26689449161692114
401810737,2026-03-02,GSW,LAC,Golden State Warriors,LA Clippers,101,114,0,1509.7734193542624,1548.5417240329687,0.615602679980521,1,0,0.615602679980521,0.5872183514572195
401810738,2026-03-03,CHA,DAL,Charlotte Hornets,Dallas Mavericks,117,90,1,1621.5375901857412,1376.9048670894827,0.8100624128762591,1,1,0.8100624128762591,0.8790926160638426
401810739,2026-03-03,CLE,DET,Cleveland Cavaliers,Detroit Pistons,113,109,1,1647.2987584386956,1684.6721343268198,0.4912047716513858,0,0,0.5087952283486141,0.5891633592785325
401810740,2026-03-03,ORL,WAS,Orlando Magic,Washington Wizards,126,109,1,1487.6786430374432,1281.5453076616159,0.8731363356816635,1,1,0.8731363356816635,0.8534906247317339
401810741,2026-03-03,MIA,BKN,Miami Heat,Brooklyn Nets,124,98,1,1549.221549560723,1308.58497056953,0.8446724619012019,1,1,0.8446724619012019,0.8766261857026558
401810742,2026-03-03,TOR,NYK,Toronto Raptors,New York Knicks,95,111,0,1534.2646114603797,1648.174096277845,0.4509919893598055,0,1,0.5490080106401944,0.4799933298663205
401810743,2026-03-03,PHI,SAS,Philadelphia 76ers,San Antonio Spurs,91,131,0,1517.7357240778977,1678.2608629183437,0.3625190591168536,0,1,0.6374809408831463,0.4137678736906446
401810744,2026-03-03,CHI,OKC,Chicago Bulls,Oklahoma City Thunder,108,116,0,1379.26545387911,1699.0304436230263,0.21018926624130166,0,1,0.7898107337586984,0.22010253098158308
401810745,2026-03-03,MIN,MEM,Minnesota Timberwolves,Memphis Grizzlies,117,110,1,1580.1040419901974,1432.5914565086953,0.7342945880962751,1,1,0.7342945880962751,0.8060893293144641
401810746,2026-03-03,LAL,NOP,Los Angeles Lakers,New Orleans Pelicans,110,101,1,1539.1503125353674,1401.4912914152246,0.7735061886718164,1,1,0.7735061886718164,0.7970690110319242
401810747,2026-03-03,SAC,PHX,Sacramento Kings,Phoenix Suns,103,114,0,1321.340533379747,1507.7707220560558,0.3009869506162059,0,1,0.699013049383794,0.37812079536685034
401810748,2026-03-04,NYK,OKC,New York Knicks,Oklahoma City Thunder,100,103,0,1661.521624733818,1702.4295912906298,0.5557644740236205,1,0,0.5557644740236205,0.5842296526792599
401810749,2026-03-04,BOS,CHA,Boston Celtics,Charlotte Hornets,89,118,0,1682.2578481946762,1625.3779144970374,0.7020933878717487,1,0,0.7020933878717487,0.7115806964032363
401810750,2026-03-04,PHI,UTA,Philadelphia 76ers,Utah Jazz,106,102,1,1496.406997777974,1303.678851729116,0.6993542697048527,1,1,0.6993542697048527,0.8435758593097377
401810751,2026-03-04,MEM,POR,Memphis Grizzlies,Portland Trail Blazers,114,122,0,1429.868065666479,1463.5162179636832,0.5286646763175523,1,0,0.5286646763175523,0.5943438003762435
401810752,2026-03-04,MIL,ATL,Milwaukee Bucks,Atlanta Hawks,113,131,0,1435.0650341682115,1506.5368574643196,0.4275844951554619,0,1,0.5724155048445381,0.5409633273416825
401810753,2026-03-04,LAC,IND,LA Clippers,Indiana Pacers,130,107,1,1563.6730551020125,1310.3342539525527,0.803387925811801,1,1,0.803387925811801,0.8843190190680686
401810754,2026-03-05,ORL,DAL,Orlando Magic,Dallas Mavericks,115,114,1,1491.1262786017242,1373.0645427781865,0.7480815061384205,1,1,0.7480815061384205,0.7782097986200618
401810755,2026-03-05,WAS,UTA,Washington Wizards,Utah Jazz,112,122,0,1278.097672097335,1302.0757113532882,0.5593537192131133,1,0,0.5593537192131133,0.6076912024895794
401810756,2026-03-05,MIA,BKN,Miami Heat,Brooklyn Nets,126,110,1,1553.0449445792792,1304.7615755509737,0.8585126985296458,1,1,0.8585126985296458,0.8813085197917596
401810757,2026-03-05,HOU,GSW,Houston Rockets,Golden State Warriors,113,115,0,1609.2293151291644,1494.6420882852185,0.6725763301120583,1,0,0.6725763301120583,0.7747384599835359
401810758,2026-03-05,MIN,TOR,Minnesota Timberwolves,Toronto Raptors,115,107,1,1582.8274328324137,1520.9170830044068,0.6226543938715265,1,1,0.6226543938715265,0.7174871283112683
401810759,2026-03-05,SAS,DET,San Antonio Spurs,Detroit Pistons,121,106,1,1699.5895892182673,1679.723502568564,0.5645155087198714,1,1,0.5645155087198714,0.6659679635442367
401810760,2026-03-05,PHX,CHI,Phoenix Suns,Chicago Bulls,103,105,0,1515.5594307165604,1375.8663062115065,0.7103482062775971,1,0,0.7103482062775971,0.7989563939505958
401810761,2026-03-05,DEN,LAL,Denver Nuggets,Los Angeles Lakers,120,113,1,1584.4431070191042,1542.4697822740807,0.6445060366240166,1,1,0.6445060366240166,0.6936552872951656
401810762,2026-03-05,SAC,NOP,Sacramento Kings,New Orleans Pelicans,123,133,0,1313.5518247192424,1398.1718216765114,0.4691631297976988,0,1,0.5308368702023012,0.5221191573447528
401810763,2026-03-06,BOS,DAL,Boston Celtics,Dallas Mavericks,120,100,1,1647.5398225680733,1371.5379444782284,0.8814774047278533,1,1,0.8814774047278533,0.897010525144558
401810764,2026-03-06,CHA,MIA,Charlotte Hornets,Miami Heat,120,128,0,1660.0959401236403,1555.6549859523366,0.7101966826623677,1,0,0.7101966826623677,0.7643821655157883
401810765,2026-03-06,HOU,POR,Houston Rockets,Portland Trail Blazers,106,99,1,1600.1908154598734,1474.9136761040234,0.7124415111632242,1,1,0.7124415111632242,0.7852958441687806
401810766,2026-03-06,DEN,NYK,Denver Nuggets,New York Knicks,103,142,0,1589.071798364158,1654.665082728088,0.4569776226022487,0,1,0.5430223773977513,0.5493540105829997
401810767,2026-03-06,PHX,NOP,Phoenix Suns,New Orleans Pelicans,118,116,1,1506.006766396673,1409.14341619054,0.7447615733384072,1,1,0.7447615733384072,0.7564356961871272
401810768,2026-03-06,SAS,LAC,San Antonio Spurs,LA Clippers,116,112,1,1707.7970110757276,1566.9321280661622,0.6876761872417435,1,1,0.6876761872417435,0.8000376551793019
401810769,2026-03-06,LAL,IND,Los Angeles Lakers,Indiana Pacers,128,117,1,1537.841090929027,1307.075180988403,0.7812288573475538,1,1,0.7812288573475538,0.8703482753455769
401810770,2026-03-07,MIN,ORL,Minnesota Timberwolves,Orlando Magic,92,119,0,1587.369191056904,1492.6528769016822,0.6647647386145186,1,0,0.6647647386145186,0.7541513928705036
401810771,2026-03-07,DET,BKN,Detroit Pistons,Brooklyn Nets,105,107,0,1671.5160807111038,1302.1515341779163,0.9069234830332608,1,0,0.9069234830332608,0.9371374590665847
401810772,2026-03-07,ATL,PHI,Atlanta Hawks,Philadelphia 76ers,125,116,1,1523.4000016171467,1498.010138153802,0.6593031589648698,1,1,0.6593031589648698,0.6730037229985795
401810773,2026-03-07,MEM,LAC,Memphis Grizzlies,LA Clippers,120,123,0,1418.4706075261388,1564.8114872653161,0.510729551854072,1,0,0.510729551854072,0.433702793768151
401810774,2026-03-07,MIL,UTA,Milwaukee Bucks,Utah Jazz,113,99,1,1418.2018900153844,1315.5051049724711,0.6878670494032988,1,1,0.6878670494032988,0.7625690991925885
401810775,2026-03-07,OKC,GSW,Oklahoma City Thunder,Golden State Warriors,104,97,1,1709.2861332963598,1503.6805879545095,0.7897594845605087,1,1,0.7897594845605087,0.853110306283467
401810776,2026-03-08,CLE,BOS,Cleveland Cavaliers,Boston Celtics,98,109,0,1652.2473901969513,1650.1336006431497,0.5935732043017595,1,0,0.5935732043017595,0.6428634701851528
401810777,2026-03-08,LAL,NYK,Los Angeles Lakers,New York Knicks,110,97,1,1540.0989244186865,1684.6251086596135,0.4205296087346288,0,0,0.5794703912653711,0.43627019073232226
401810778,2026-03-08,MIA,DET,Miami Heat,Detroit Pistons,121,110,1,1572.2491307460539,1657.014685952393,0.547196359375692,1,1,0.547196359375692,0.5219100882719795
401810779,2026-03-08,TOR,DAL,Toronto Raptors,Dallas Mavericks,122,92,1,1516.3753247799166,1368.944166403152,0.7862951569504052,1,1,0.7862951569504052,0.8060160516063557
401810780,2026-03-08,NOP,WAS,New Orleans Pelicans,Washington Wizards,138,118,1,1407.1099316625985,1264.668278478152,0.6995248250738342,1,1,0.6995248250738342,0.8014857555042101
401810781,2026-03-08,MIL,ORL,Milwaukee Bucks,Orlando Magic,91,130,0,1423.457221892934,1528.8492505194808,0.4398997447734731,0,1,0.5601002552265268,0.49224086997161515
401810782,2026-03-08,SAS,HOU,San Antonio Spurs,Houston Rockets,145,120,1,1709.9176518765737,1603.2516903829242,0.6612352216257399,1,1,0.6612352216257399,0.7666811274710917
401810783,2026-03-08,PHX,CHA,Phoenix Suns,Charlotte Hornets,111,99,1,1508.0402509246144,1643.501795329923,0.38799283956344616,0,0,0.6120071604365538,0.449143214253619
401810784,2026-03-08,POR,IND,Portland Trail Blazers,Indiana Pacers,131,111,1,1471.8528011809726,1304.8173474987434,0.7155425594161122,1,1,0.7155425594161122,0.8230543533887974
401810785,2026-03-08,SAC,CHI,Sacramento Kings,Chicago Bulls,126,110,1,1302.5802302052139,1385.418970531394,0.41698328394340217,0,0,0.5830167160565978,0.5246769724508872
401810786,2026-03-09,CLE,PHI,Cleveland Cavaliers,Philadelphia 76ers,115,101,1,1636.8303472087698,1492.2246403791255,0.7378646412088692,1,1,0.7378646412088692,0.8034603484668892
401810787,2026-03-09,BKN,MEM,Brooklyn Nets,Memphis Grizzlies,126,115,1,1316.6529289366272,1413.7946264086852,0.38684796599989013,0,0,0.6131520340001099,0.5041133351970534
401810788,2026-03-09,OKC,DEN,Oklahoma City Thunder,Denver Nuggets,129,126,1,1711.2720937123624,1559.1117724326325,0.716977482630639,1,1,0.716977482630639,0.8102370952843969
401810789,2026-03-09,UTA,GSW,Utah Jazz,Golden State Warriors,119,116,1,1310.2497730949215,1501.694627538507,0.32629495065026776,0,0,0.6737050493497323,0.37135717911397037
401810790,2026-03-09,LAC,NYK,LA Clippers,New York Knicks,126,118,1,1569.4874683827697,1670.3003290063766,0.5126822282864182,1,1,0.5126822282864182,0.4988302016627626
401810791,2026-03-10,PHI,MEM,Philadelphia 76ers,Memphis Grizzlies,139,129,1,1487.9963828788957,1402.8987630555057,0.6527737951931581,1,1,0.6527737951931581,0.7437416377577483
401810792,2026-03-10,BKN,DET,Brooklyn Nets,Detroit Pistons,100,138,0,1327.5487922898067,1646.6126165554567,0.15630529017706954,0,1,0.8436947098229305,0.2207961629384212
401810793,2026-03-10,MIA,WAS,Miami Heat,Washington Wizards,150,129,1,1582.65120014299,1259.2213041566356,0.8755250145834254,1,1,0.8755250145834254,0.9196394580653343
401810794,2026-03-10,ATL,DAL,Atlanta Hawks,Dallas Mavericks,124,112,1,1529.1854993918232,1361.862934352631,0.7945741388243165,1,1,0.7945741388243165,0.8232949239876718
401810795,2026-03-10,HOU,TOR,Houston Rockets,Toronto Raptors,113,99,1,1595.5746280386902,1523.4565568304374,0.6341592948513364,1,1,0.6341592948513364,0.7292441831746886
401810796,2026-03-10,MIL,PHX,Milwaukee Bucks,Phoenix Suns,114,129,0,1397.4630204282118,1521.2343331384452,0.45028124924874396,0,1,0.549718750751256,0.4658436121381471
401810797,2026-03-10,SAS,BOS,San Antonio Spurs,Boston Celtics,125,116,1,1717.5947142208076,1665.5506436313312,0.6025667389713474,1,1,0.6025667389713474,0.7058340368596829
401810798,2026-03-10,GSW,CHI,Golden State Warriors,Chicago Bulls,124,130,0,1494.11082537007,1372.235231619563,0.6924342736535006,1,0,0.6924342736535006,0.7819759463994655
401810799,2026-03-10,POR,CHA,Portland Trail Blazers,Charlotte Hornets,101,103,0,1476.6292504092935,1630.3077131160921,0.3672594791251479,0,1,0.6327405208748521,0.4233593174094453
401810800,2026-03-10,SAC,IND,Sacramento Kings,Indiana Pacers,114,109,1,1315.7639691170448,1300.0408982704225,0.5401969720341636,1,1,0.5401969720341636,0.6606417875691152
401810801,2026-03-10,LAL,MIN,Los Angeles Lakers,Minnesota Timberwolves,120,106,1,1554.4237040719233,1551.1728174391053,0.571248088312374,1,1,0.571248088312374,0.6443648783748777
401810802,2026-03-11,ORL,CLE,Orlando Magic,Cleveland Cavaliers,128,122,1,1554.843451984203,1641.0586047089996,0.4719457311663903,0,0,0.5280542688336096,0.5198275869089923
401810803,2026-03-11,NOP,TOR,New Orleans Pelicans,Toronto Raptors,122,111,1,1412.5569059841148,1517.3347443437578,0.45994127309732935,0,0,0.5400587269026706,0.49312457128367854
401810804,2026-03-11,UTA,NYK,Utah Jazz,New York Knicks,117,134,0,1317.8335752633584,1661.1938544085438,0.19270442294354923,0,1,0.8072955770564507,0.19767422560127665
401810805,2026-03-11,DEN,HOU,Denver Nuggets,Houston Rockets,129,93,1,1557.3461624365016,1601.6964405253698,0.6270001663828081,1,1,0.6270001663828081,0.5794084630846489
401810806,2026-03-11,SAC,CHA,Sacramento Kings,Charlotte Hornets,109,117,0,1320.1356298677679,1634.2304879472642,0.22543890642502154,0,1,0.7745610935749785,0.22575656415694426
401810807,2026-03-11,LAC,MIN,LA Clippers,Minnesota Timberwolves,153,128,1,1578.5939429806026,1542.7226715627537,0.6482355660734109,1,1,0.6482355660734109,0.6861406995499989
401810808,2026-03-12,DET,PHI,Detroit Pistons,Philadelphia 76ers,131,109,1,1656.3862644284593,1492.629038628698,0.7750647015909466,1,1,0.7750647015909466,0.8202892843040747
401810809,2026-03-12,IND,PHX,Indiana Pacers,Phoenix Suns,108,123,0,1295.6692375196994,1533.5439753574924,0.33338765877453297,0,1,0.666612341225467,0.31138102355628755
401810810,2026-03-12,ORL,WAS,Orlando Magic,Washington Wizards,136,131,1,1562.1885367861016,1257.1866852675873,0.8376399864371313,1,1,0.8376399864371313,0.9114426302827804
401810811,2026-03-12,ATL,BKN,Atlanta Hawks,Brooklyn Nets,108,97,1,1532.5733391560796,1317.775144416804,0.8347098529888161,1,1,0.8347098529888161,0.8596183921921702
401810812,2026-03-12,MIA,MIL,Miami Heat,Milwaukee Bucks,112,105,1,1584.6858190320384,1385.1533782091647,0.7956907312779227,1,1,0.7956907312779227,0.8486751110650498
401810813,2026-03-12,SAS,DEN,San Antonio Spurs,Denver Nuggets,131,136,0,1722.7004048714018,1577.4724781006303,0.7521886515503476,1,0,0.7521886515503476,0.8040253400761702
401810814,2026-03-12,OKC,BOS,Oklahoma City Thunder,Boston Celtics,104,102,1,1713.0377037084934,1660.444952980737,0.6404039259436975,1,1,0.6404039259436975,0.7064894080451368
401810815,2026-03-12,LAL,CHI,Los Angeles Lakers,Chicago Bulls,142,130,1,1562.873849948275,1386.9387232394392,0.7796280217452951,1,1,0.7796280217452951,0.8303923221154944
401810966,2026-03-12,MEM,DAL,Memphis Grizzlies,Dallas Mavericks,112,120,0,1398.2661073057034,1358.4750945883748,0.6843042258022104,1,0,0.6843042258022104,0.690979332723982
401810816,2026-03-13,DET,MEM,Detroit Pistons,Memphis Grizzlies,126,110,1,1661.5832139291217,1384.139001023468,0.8527329100124863,1,1,0.8527329100124863,0.8977750304068639
401810817,2026-03-13,IND,NYK,Indiana Pacers,New York Knicks,92,101,0,1288.1176437328375,1666.0410237466413,0.14062232877926403,0,1,0.8593776712207359,0.16800180058566566
401810818,2026-03-13,TOR,PHX,Toronto Raptors,Phoenix Suns,122,115,1,1506.129132585903,1541.0955691443544,0.6565036214913702,1,1,0.6565036214913702,0.5925128795078887
401810819,2026-03-13,HOU,NOP,Houston Rockets,New Orleans Pelicans,107,105,1,1581.570124861241,1423.7625177419695,0.7577839788830968,1,1,0.7577839788830968,0.8151850189726106
401810820,2026-03-13,DAL,CLE,Dallas Mavericks,Cleveland Cavaliers,105,138,0,1372.6022008706102,1633.713519907101,0.2008234553334223,0,1,0.7991765446665777,0.2834461377338398
401810821,2026-03-13,GSW,MIN,Golden State Warriors,Minnesota Timberwolves,117,127,0,1479.4073337501936,1531.867985167723,0.5286997574186963,1,0,0.5286997574186963,0.5679908371374486
401810822,2026-03-13,POR,UTA,Portland Trail Blazers,Utah Jazz,124,114,1,1472.7064755781214,1312.986405925261,0.7159146066074162,1,1,0.7159146066074162,0.8168378683689759
401810823,2026-03-13,LAC,CHI,LA Clippers,Chicago Bulls,119,108,1,1589.4486293756333,1383.7053101637161,0.8319891585089892,1,1,0.8319891585089892,0.853209663047857
401810824,2026-03-14,PHI,BKN,Philadelphia 76ers,Brooklyn Nets,104,97,1,1487.4320891280356,1315.305507835109,0.7669065563918598,1,1,0.7669065563918598,0.8272821574609919
401810825,2026-03-14,ATL,MIL,Atlanta Hawks,Milwaukee Bucks,122,99,1,1535.0429757377747,1383.0994349774146,0.7622944427348216,1,1,0.7622944427348216,0.8100451543955494
401810826,2026-03-14,BOS,WAS,Boston Celtics,Washington Wizards,111,100,1,1657.9171283738615,1256.2452792722454,0.9135150823176814,1,1,0.9135150823176814,0.9472428055122938
401810827,2026-03-14,MIA,ORL,Miami Heat,Orlando Magic,117,121,0,1586.7397622637884,1563.1299427814436,0.6162964633405339,1,0,0.6162964633405339,0.6707447373742323
401810828,2026-03-14,SAS,CHA,San Antonio Spurs,Charlotte Hornets,115,102,1,1708.622017345062,1637.7304558764156,0.6666382224318006,1,1,0.6666382224318006,0.7278478818310486
401810829,2026-03-14,LAL,DEN,Los Angeles Lakers,Denver Nuggets,127,125,1,1566.107263023998,1591.55086562697,0.579559550417559,1,1,0.579559550417559,0.6056781112421459
401810830,2026-03-14,LAC,SAC,LA Clippers,Sacramento Kings,109,118,0,1592.04604050182,1316.6356619386165,0.8234564958988005,1,0,0.8234564958988005,0.8966955418383649
401810831,2026-03-15,OKC,MIN,Oklahoma City Thunder,Minnesota Timberwolves,116,103,1,1715.565528315369,1544.122719003965,0.7561137636946403,1,1,0.7561137636946403,0.8267190164894587
401810832,2026-03-15,CLE,DAL,Cleveland Cavaliers,Dallas Mavericks,120,130,0,1645.4849713096153,1360.830749468096,0.8682640472632042,1,0,0.8682640472632042,0.9015216821477142
401810833,2026-03-15,TOR,DET,Toronto Raptors,Detroit Pistons,119,108,1,1512.6462537353364,1663.7908755400476,0.37271980230851554,0,0,0.6272801976914845,0.42692405439961106
401810834,2026-03-15,MIL,IND,Milwaukee Bucks,Indiana Pacers,134,123,1,1377.3865669349939,1285.4419518444327,0.612794535563469,1,1,0.612794535563469,0.751181208079
401810835,2026-03-15,PHI,POR,Philadelphia 76ers,Portland Trail Blazers,109,103,1,1489.8186096844752,1475.854025941276,0.5184468838250306,1,1,0.5184468838250306,0.6583686675552192
401810836,2026-03-15,NYK,GSW,New York Knicks,Golden State Warriors,110,107,1,1668.716715635046,1467.1525999139517,0.7592937293610135,1,1,0.7592937293610135,0.850170965821783
401810837,2026-03-15,SAC,UTA,Sacramento Kings,Utah Jazz,116,111,1,1341.5853105426272,1309.8388555621063,0.5058197669332498,1,1,0.5058197669332498,0.6810048563294604
401810838,2026-03-16,ATL,ORL,Atlanta Hawks,Orlando Magic,124,112,1,1540.7558437801954,1572.5450570526307,0.5450403778292904,1,1,0.5450403778292904,0.5969211558971299
401810839,2026-03-16,WAS,GSW,Washington Wizards,Golden State Warriors,117,125,0,1255.416173161661,1465.8029348733364,0.34933044507919714,0,1,0.6506695549208028,0.3462786754922417
401810840,2026-03-16,BKN,POR,Brooklyn Nets,Portland Trail Blazers,95,114,0,1312.9189872786694,1471.01199730109,0.4175408716225365,0,1,0.5824591283774635,0.4171679306038896
401810841,2026-03-16,BOS,PHX,Boston Celtics,Phoenix Suns,120,112,1,1658.746234484446,1534.5784479949211,0.7184379643641053,1,1,0.7184379643641053,0.7842171715998879
401810842,2026-03-16,CHI,MEM,Chicago Bulls,Memphis Grizzlies,132,107,1,1381.1078990375295,1381.931339412542,0.5520434216733157,1,1,0.5520434216733157,0.6389722427097169
401810843,2026-03-16,NOP,DAL,New Orleans Pelicans,Dallas Mavericks,129,111,1,1422.2818896304523,1387.859123742479,0.7151350689279956,1,1,0.7151350689279956,0.6843422589163681
401810844,2026-03-16,HOU,LAL,Houston Rockets,Los Angeles Lakers,92,100,0,1583.0507529727583,1569.7033913388098,0.5410135766340274,1,0,0.5410135766340274,0.6575690763585874
401810845,2026-03-16,LAC,SAS,LA Clippers,San Antonio Spurs,115,119,0,1567.0963918978093,1714.4891446976285,0.3944585737954035,0,1,0.6055414262045965,0.43221624200348574
401810846,2026-03-17,CHA,MIA,Charlotte Hornets,Miami Heat,136,106,1,1631.863328523849,1577.3246479926013,0.5972839476424067,1,1,0.5972839476424067,0.7088068261472867
401810847,2026-03-17,ORL,OKC,Orlando Magic,Oklahoma City Thunder,108,113,0,1563.6498329106685,1719.054279554086,0.3262475369484165,0,1,0.6737524630515834,0.42093565178758424
401810848,2026-03-17,WAS,DET,Washington Wizards,Detroit Pistons,117,130,0,1249.6384564501323,1650.631764319306,0.10837086568533293,0,1,0.8916291343146671,0.15024806646071812
401810849,2026-03-17,NYK,IND,New York Knicks,Indiana Pacers,136,110,1,1670.0663806756613,1280.6917094481048,0.9110040185282475,1,1,0.9110040185282475,0.9435911579689148
401810850,2026-03-17,MIL,CLE,Milwaukee Bucks,Cleveland Cavaliers,116,123,0,1382.1368093313217,1618.4565970352323,0.25396107067034485,0,1,0.7460389293296552,0.31330355848892305
401810851,2026-03-17,MIN,PHX,Minnesota Timberwolves,Phoenix Suns,116,104,1,1540.633967765248,1531.2559643023906,0.6553083914646027,1,1,0.6553083914646027,0.6524056519481918
401810852,2026-03-17,DEN,PHI,Denver Nuggets,Philadelphia 76ers,124,96,1,1587.9547373121584,1494.660638324661,0.7357052245656658,1,1,0.7357052245656658,0.7526303220029751
401810853,2026-03-17,SAC,SAS,Sacramento Kings,San Antonio Spurs,104,132,0,1345.6469974901297,1719.7564293942874,0.19550447235174137,0,1,0.8044955276482586,0.17109299543284562
401810854,2026-03-18,BOS,GSW,Boston Celtics,Golden State Warriors,120,99,1,1662.0687181769765,1471.580651584865,0.7586265701709916,1,1,0.7586265701709916,0.8418667518692265
401810855,2026-03-18,BKN,OKC,Brooklyn Nets,Oklahoma City Thunder,92,121,0,1300.3155449043325,1724.7273915553842,0.16621795555634547,0,1,0.8337820444436546,0.1338353499060539
401810856,2026-03-18,IND,POR,Indiana Pacers,Portland Trail Blazers,119,127,0,1279.0930675663785,1483.615439675427,0.2976457327132487,0,1,0.7023542672867513,0.3539596270845839
401810857,2026-03-18,CHI,TOR,Chicago Bulls,Toronto Raptors,109,139,0,1393.9334779362957,1525.805364956078,0.39332745143536413,0,1,0.6066725485646358,0.45426089759202837
401810859,2026-03-18,MIN,UTA,Minnesota Timberwolves,Utah Jazz,147,111,1,1548.07244812178,1305.7771686146039,0.7723257317966122,1,1,0.7723257317966122,0.8776551465430621
401810860,2026-03-18,NOP,LAC,New Orleans Pelicans,LA Clippers,124,109,1,1430.963532027878,1561.8291072011505,0.3758841841694126,0,0,0.6241158158305874,0.45569735442539416
401810861,2026-03-18,DAL,ATL,Dallas Mavericks,Atlanta Hawks,120,135,0,1379.1774813450531,1549.6510679221576,0.29409564842354446,0,1,0.7059043515764556,0.39994876909840327
401810862,2026-03-18,HOU,LAL,Houston Rockets,Los Angeles Lakers,116,124,0,1569.9194896488962,1582.834654662672,0.5154485842339345,1,0,0.5154485842339345,0.6227649299969801
401858693,2026-03-18,MEM,DEN,Memphis Grizzlies,Denver Nuggets,125,118,1,1369.1057605137757,1596.8664202796633,0.40156178399041054,0,0,0.5984382160095895,0.3240000183171072
401810863,2026-03-19,CHA,ORL,Charlotte Hornets,Orlando Magic,130,111,1,1643.1961326659505,1557.9767209093702,0.6589602037449283,1,1,0.6589602037449283,0.7438752358133911
401810864,2026-03-19,WAS,DET,Washington Wizards,Detroit Pistons,95,117,0,1246.671072801486,1653.5991479679524,0.12715440202544684,0,1,0.8728455979745532,0.14593823562656716
401810865,2026-03-19,MIA,LAL,Miami Heat,Los Angeles Lakers,126,134,0,1565.9918438505,1594.9900477380754,0.6180405906727925,1,0,0.6180405906727925,0.6007807256928849
401810866,2026-03-19,CHI,CLE,Chicago Bulls,Cleveland Cavaliers,110,115,0,1374.5625409286292,1623.2097375211365,0.22453193156118204,0,1,0.775468068438818,0.2982422784217762
401810867,2026-03-19,NOP,LAC,New Orleans Pelicans,LA Clippers,105,99,1,1445.9909926945522,1546.8016465344763,0.43602574080137935,0,0,0.5639742591986207,0.49883337746243345
401810868,2026-03-19,SAS,PHX,San Antonio Spurs,Phoenix Suns,101,100,1,1725.5933552878091,1523.8174839458584,0.7740495972911751,1,1,0.7740495972911751,0.8503261714631781
401810869,2026-03-19,UTA,MIL,Utah Jazz,Milwaukee Bucks,128,96,1,1300.9766016918472,1377.3836688454176,0.44261948623173464,0,0,0.5573805137682654,0.5339008676313787
401810870,2026-03-19,SAC,PHI,Sacramento Kings,Philadelphia 76ers,118,139,0,1339.810071596608,1485.748955357156,0.41967618778343435,0,1,0.5803238122165657,0.4342712283407184
401810871,2026-03-20,BKN,NYK,Brooklyn Nets,New York Knicks,92,93,0,1295.781861203015,1671.6650225573876,0.13864618390465244,0,1,0.8613538160953476,0.16964981272419286
401810872,2026-03-20,DET,GSW,Detroit Pistons,Golden State Warriors,115,101,1,1657.7024292917415,1467.23141941319,0.7725047716262535,1,1,0.7725047716262535,0.8418536801659464
401810873,2026-03-20,HOU,ATL,Houston Rockets,Atlanta Hawks,117,95,1,1557.7640965734927,1559.8456962123303,0.5351457951291295,1,1,0.5351457951291295,0.6372998073311015
401810874,2026-03-20,MEM,BOS,Memphis Grizzlies,Boston Celtics,112,117,0,1381.7746906317284,1666.4179503486516,0.2692130592896268,0,1,0.7307869407103732,0.2567571694710967
401810875,2026-03-20,MIN,POR,Minnesota Timberwolves,Portland Trail Blazers,104,108,0,1552.8730150445367,1489.5468837477354,0.6949257428487667,1,0,0.6949257428487667,0.7191361743136812
401810876,2026-03-20,DEN,TOR,Denver Nuggets,Toronto Raptors,121,115,1,1584.1974901617107,1545.1763019637444,0.6132683312925755,1,1,0.6132683312925755,0.6900322955724798
401810877,2026-03-21,WAS,OKC,Washington Wizards,Oklahoma City Thunder,111,132,0,1242.5677914776968,1729.2610752567016,0.10353728029712793,0,1,0.8964627197028721,0.09744113353948458
401810878,2026-03-21,CHA,MEM,Charlotte Hornets,Memphis Grizzlies,124,101,1,1650.2487474272534,1378.626004350591,0.8379031742142513,1,1,0.8379031742142513,0.894658296752601
401810879,2026-03-21,ORL,LAL,Orlando Magic,Los Angeles Lakers,104,105,0,1550.9241061480673,1606.5563820532502,0.5138882761490139,1,0,0.5138882761490139,0.5635054585275113
401810880,2026-03-21,NOP,CLE,New Orleans Pelicans,Cleveland Cavaliers,106,111,0,1453.7467930396872,1626.9612963766099,0.3197658518276754,0,1,0.6802341481723246,0.39616826072472827
401810881,2026-03-21,ATL,GSW,Atlanta Hawks,Golden State Warriors,126,110,1,1548.0665195147371,1463.930435235282,0.6852385507109154,1,1,0.6852385507109154,0.7426852912929366
401810882,2026-03-21,HOU,MIA,Houston Rockets,Miami Heat,123,122,1,1569.5432732710858,1554.425509535325,0.521929190258806,1,1,0.521929190258806,0.6598601622844962
401810883,2026-03-21,SAS,IND,San Antonio Spurs,Indiana Pacers,134,119,1,1726.567993896713,1273.1616234940702,0.9186990997196814,1,1,0.9186990997196814,0.9602911771567023
401810884,2026-03-21,DAL,LAC,Dallas Mavericks,LA Clippers,131,138,0,1368.9828530548805,1539.0458461893413,0.33222083336020625,0,1,0.6677791666397938,0.40051613458400537
401810885,2026-03-21,UTA,PHI,Utah Jazz,Philadelphia 76ers,116,126,0,1321.9457520967992,1499.9468606535925,0.4186407690607168,0,1,0.5813592309392832,0.3895960603454343
401810886,2026-03-21,PHX,MIL,Phoenix Suns,Milwaukee Bucks,105,108,0,1522.8428453369545,1356.4145184404656,0.7681064078082614,1,0,0.7681064078082614,0.8225447953450573
401810887,2026-03-22,DEN,POR,Denver Nuggets,Portland Trail Blazers,128,112,1,1588.511492034392,1500.0101936631036,0.7262669616049288,1,1,0.7262669616049288,0.7474580291114068
401810888,2026-03-22,SAC,BKN,Sacramento Kings,Brooklyn Nets,126,122,1,1325.6121663001716,1294.6583980259122,0.6186933627420176,1,1,0.6186933627420176,0.6800127695846486
401810889,2026-03-22,NYK,WAS,New York Knicks,Washington Wizards,145,113,1,1672.7884857344905,1240.0453403192114,0.9461992747586592,1,1,0.9461992747586592,0.9554987451428979
401810890,2026-03-22,BOS,MIN,Boston Celtics,Minnesota Timberwolves,92,102,0,1669.566636629789,1542.4097051291683,0.6919677537079687,1,0,0.6919677537079687,0.7871146920401414
401810891,2026-03-22,PHX,TOR,Phoenix Suns,Toronto Raptors,120,98,1,1511.154493077321,1540.8623000910632,0.4687171091827646,0,0,0.5312828908172353,0.5998006109362933
401810892,2026-03-23,ATL,MEM,Atlanta Hawks,Memphis Grizzlies,146,107,1,1554.372547228055,1375.691681246971,0.7598864777803229,1,1,0.7598864777803229,0.8326068074321924
401810893,2026-03-23,DET,LAL,Detroit Pistons,Los Angeles Lakers,113,110,1,1661.0034134696496,1611.2792956418507,0.7035003770572564,1,1,0.7035003770572564,0.7030535628381012
401810894,2026-03-23,ORL,IND,Orlando Magic,Indiana Pacers,126,128,0,1546.2011925594668,1272.4205007137614,0.8260582427659502,1,0,0.8260582427659502,0.8958232939243415
401810895,2026-03-23,PHI,OKC,Philadelphia 76ers,Oklahoma City Thunder,103,123,0,1507.5579977737268,1731.783526415187,0.28027392262947415,0,1,0.7197260773705259,0.3284729900363969
401810896,2026-03-23,MIA,SAS,Miami Heat,San Antonio Spurs,111,136,0,1551.9077507472741,1727.3091166770218,0.39185330510599065,0,1,0.6081466948940093,0.3931608012239297
401810897,2026-03-23,CHI,HOU,Chicago Bulls,Houston Rockets,132,124,1,1370.8109820731559,1572.0610320591368,0.3746049722933652,0,0,0.6253950277066348,0.3582788799606472
401810898,2026-03-23,UTA,TOR,Utah Jazz,Toronto Raptors,127,143,0,1314.3346149766649,1527.593332960591,0.3655834760441557,0,1,0.6344165239558444,0.3425458322582725
401810899,2026-03-23,DAL,GSW,Dallas Mavericks,Golden State Warriors,131,137,0,1362.6016273605283,1457.624407521964,0.43089663726199934,0,1,0.5691033627380007,0.5071623051792454
401810900,2026-03-23,POR,BKN,Portland Trail Blazers,Brooklyn Nets,134,99,1,1493.839912795801,1290.9947757980071,0.8054026453224594,1,1,0.8054026453224594,0.8511078638632353
401810901,2026-03-23,LAC,MIL,LA Clippers,Milwaukee Bucks,129,96,1,1545.4270718836935,1368.1028707000992,0.7541117370905307,1,1,0.7541117370905307,0.8315155345887725
401810902,2026-03-24,CHA,SAC,Charlotte Hornets,Sacramento Kings,134,90,1,1653.1830705308735,1329.2757885280766,0.8664706729586785,1,1,0.8664706729586785,0.9198423127469809
401810903,2026-03-24,NYK,NOP,New York Knicks,New Orleans Pelicans,121,116,1,1674.218751234495,1448.4793462001396,0.8350050911923735,1,1,0.8350050911923735,0.8670480654578906
401810904,2026-03-24,CLE,ORL,Cleveland Cavaliers,Orlando Magic,136,131,1,1632.2287432161575,1533.8512686754416,0.7403917703536756,1,1,0.7403917703536756,0.7580379471540344
401810905,2026-03-24,PHX,DEN,Phoenix Suns,Denver Nuggets,123,125,0,1524.4234602077931,1594.6817729016946,0.4918122855793054,0,1,0.5081877144206945,0.5426974845228207
401810906,2026-03-25,DET,ATL,Detroit Pistons,Atlanta Hawks,129,130,0,1663.9684866646928,1561.6319207046122,0.7311686871434068,1,0,0.7311686871434068,0.7621934562609843
401810907,2026-03-25,IND,LAL,Indiana Pacers,Los Angeles Lakers,130,137,0,1284.7704245977866,1608.3142224468074,0.2365130565977857,0,1,0.7634869434022142,0.21639128378593134
401810908,2026-03-25,PHI,CHI,Philadelphia 76ers,Chicago Bulls,157,137,1,1497.7698015771339,1383.4908205341699,0.6700702681073611,1,1,0.6700702681073611,0.7744286419546907
401810909,2026-03-25,BOS,OKC,Boston Celtics,Oklahoma City Thunder,119,109,1,1649.6019526765015,1741.57172261178,0.44421191510443353,0,0,0.5557880848955665,0.5115543726333024
401810910,2026-03-25,CLE,MIA,Cleveland Cavaliers,Miami Heat,103,120,0,1635.1678558756603,1537.6900958661204,0.6422512110978916,1,0,0.6422512110978916,0.7570867326652827
401810911,2026-03-25,MEM,SAS,Memphis Grizzlies,San Antonio Spurs,98,123,0,1368.432307770414,1741.5267715581756,0.17113764918053556,0,1,0.8288623508194645,0.1719231907455656
401810912,2026-03-25,UTA,WAS,Utah Jazz,Washington Wizards,110,133,0,1305.503368005919,1238.615074819207,0.6573781782256143,1,0,0.6573781782256143,0.7232591808090297
401810913,2026-03-25,MIN,HOU,Minnesota Timberwolves,Houston Rockets,110,108,1,1562.3743890824558,1559.3811935981228,0.6239111109956579,1,1,0.6239111109956579,0.6440248738962598
401810914,2026-03-25,DEN,DAL,Denver Nuggets,Dallas Mavericks,142,135,1,1600.0540794073397,1354.726774965365,0.7974139568000271,1,1,0.7974139568000271,0.8795169501441416
401810915,2026-03-25,GSW,BKN,Golden State Warriors,Brooklyn Nets,109,106,1,1465.4992599171273,1285.1273279654665,0.8058232973453103,1,1,0.8058232973453103,0.833959149943351
401810916,2026-03-25,POR,MIL,Portland Trail Blazers,Milwaukee Bucks,130,99,1,1499.7073606283416,1361.6381558014557,0.7056812396742514,1,1,0.7056812396742514,0.7974506684186656
401810917,2026-03-25,LAC,TOR,LA Clippers,Toronto Raptors,119,94,1,1551.891786782337,1536.424579931337,0.5859778303395992,1,1,0.5859778303395992,0.6603115001975179
401810918,2026-03-26,CHA,NYK,Charlotte Hornets,New York Knicks,114,103,1,1656.6565985878674,1675.7031856007393,0.5037766927062093,1,1,0.5037766927062093,0.6144378309005697
401810919,2026-03-26,DET,NOP,Detroit Pistons,New Orleans Pelicans,129,108,1,1656.6170847353808,1446.9949118338952,0.8021301757875765,1,1,0.8021301757875765,0.8559841503459771
401810920,2026-03-26,ORL,SAC,Orlando Magic,Sacramento Kings,121,117,1,1530.9121560159388,1325.8022604710827,0.8241565283736938,1,1,0.8241565283736938,0.8527524038780975
401810921,2026-03-27,IND,LAC,Indiana Pacers,LA Clippers,113,114,0,1281.6818687415907,1563.8153137919765,0.24228764838884748,0,1,0.7577123516111526,0.259523932739856
401810922,2026-03-27,BOS,ATL,Boston Celtics,Atlanta Hawks,109,102,1,1659.6749466941942,1568.9833226339242,0.6820114497175691,1,1,0.6820114497175691,0.7498306377688684
401810923,2026-03-27,CLE,MIA,Cleveland Cavaliers,Miami Heat,149,128,1,1608.8277754869816,1564.030176254799,0.6448585059133622,1,1,0.6448585059133622,0.6970991193438947
401810924,2026-03-27,MEM,HOU,Memphis Grizzlies,Houston Rockets,109,119,0,1363.0221143298886,1556.2030114136621,0.3348907269841662,0,1,0.6651092730158338,0.36902720929712024
401810925,2026-03-27,OKC,CHI,Oklahoma City Thunder,Chicago Bulls,131,113,1,1731.4987285940872,1377.1823926901282,0.8795569370104257,1,1,0.8795569370104257,0.9318369393630908
401810926,2026-03-27,TOR,NOP,Toronto Raptors,New Orleans Pelicans,119,106,1,1524.5010529216975,1443.0825534667747,0.7526031046223475,1,1,0.7526031046223475,0.7396843929543311
401810927,2026-03-27,DEN,UTA,Denver Nuggets,Utah Jazz,135,129,1,1601.6424611975062,1275.3401183380597,0.8726991166528629,1,1,0.8726991166528629,0.9208530013073661
401810928,2026-03-27,GSW,WAS,Golden State Warriors,Washington Wizards,131,126,1,1467.0156736257281,1268.7783244870661,0.8039729291352142,1,1,0.8039729291352142,0.8477151880364059
401810929,2026-03-27,POR,DAL,Portland Trail Blazers,Dallas Mavericks,93,100,0,1507.3276166723676,1353.1383931751984,0.7331485323034579,1,0,0.7331485323034579,0.8120263187270397
401810930,2026-03-27,LAL,BKN,Los Angeles Lakers,Brooklyn Nets,116,99,1,1611.4027783030033,1283.6109142568657,0.8862097568049427,1,1,0.8862097568049427,0.9214756744542887
401810931,2026-03-28,MIL,SAS,Milwaukee Bucks,San Antonio Spurs,95,127,0,1354.0178997574296,1746.936964998701,0.15660282764920969,0,1,0.8433971723507903,0.15627917367206268
401810932,2026-03-28,CHA,PHI,Charlotte Hornets,Philadelphia 76ers,114,118,0,1664.6312688429362,1504.0782294211756,0.7401485408114225,1,0,0.7401485408114225,0.8175541707067808
401810933,2026-03-28,ATL,SAC,Atlanta Hawks,Sacramento Kings,123,113,1,1565.331229573722,1324.3051828931996,0.8038737459442807,1,1,0.8038737459442807,0.8768684546911887
401810934,2026-03-28,MEM,CHI,Memphis Grizzlies,Chicago Bulls,125,124,1,1355.8942847179603,1375.6595569634412,0.5340012261768652,1,1,0.5340012261768652,0.6134572762097147
401810935,2026-03-28,MIN,DET,Minnesota Timberwolves,Detroit Pistons,87,109,0,1565.5525712669164,1660.5294431025013,0.4254616054042831,0,1,0.5745383945957169,0.5072283588888908
401810936,2026-03-28,PHX,UTA,Phoenix Suns,Utah Jazz,134,109,1,1519.051153702148,1274.4273620120032,0.8747481153476409,1,1,0.8747481153476409,0.8790871512992815
401810937,2026-03-29,MIL,LAC,Milwaukee Bucks,LA Clippers,113,127,0,1348.2143843534693,1565.646450062223,0.25293184704085653,0,1,0.7470681529591434,0.3371561401847271
401810938,2026-03-29,IND,MIA,Indiana Pacers,Miami Heat,135,118,1,1279.8507324713441,1554.8291327645536,0.2750587211259459,0,0,0.7249412788740541,0.26751707376295664
401810939,2026-03-29,BKN,SAC,Brooklyn Nets,Sacramento Kings,116,99,1,1281.8970797902111,1322.2973596959478,0.6012552303586055,1,1,0.6012552303586055,0.5849393633717818
401810940,2026-03-29,CHA,BOS,Charlotte Hornets,Boston Celtics,99,114,0,1651.5671176787926,1663.3270397543963,0.49496945975675005,0,1,0.50503054024325,0.6243259526860014
401810941,2026-03-29,TOR,ORL,Toronto Raptors,Orlando Magic,139,87,1,1530.0717342136193,1532.409233593822,0.5465067043854646,1,1,0.5465067043854646,0.6369592385103354
401810942,2026-03-29,POR,WAS,Portland Trail Blazers,Washington Wizards,123,88,1,1490.1773045246666,1267.047831728633,0.8068799314697735,1,1,0.8068799314697735,0.8653065950308358
401810943,2026-03-29,NOP,HOU,New Orleans Pelicans,Houston Rockets,102,134,0,1437.511872174853,1563.3308410255904,0.3884796895844423,0,1,0.6115203104155578,0.4629117641166346
401810944,2026-03-29,OKC,NYK,Oklahoma City Thunder,New York Knicks,111,100,1,1733.0215643207741,1667.7285153456705,0.6601586204267795,1,1,0.6601586204267795,0.7214173985290356
401810945,2026-03-29,DEN,GSW,Denver Nuggets,Golden State Warriors,116,93,1,1602.5552175235628,1468.7461663841614,0.7137762785818844,1,1,0.7137762785818844,0.79346066511558
401810946,2026-03-30,MIA,PHI,Miami Heat,Philadelphia 76ers,119,109,1,1529.8784142044524,1517.1423805853192,0.5641039638338656,1,1,0.5641039638338656,0.6567762377537709
401810947,2026-03-30,ATL,BOS,Atlanta Hawks,Boston Celtics,112,102,1,1567.339052770974,1681.4150896623378,0.5070438146882141,1,1,0.5070438146882141,0.479754030529311
401810948,2026-03-30,MEM,PHX,Memphis Grizzlies,Phoenix Suns,105,131,0,1358.8305545250291,1522.6854420707157,0.29046399293002684,0,1,0.7095360070699732,0.4091263237417199
401810949,2026-03-30,SAS,CHI,San Antonio Spurs,Chicago Bulls,129,114,1,1752.7404804026612,1372.7232871563724,0.8951853599618056,1,1,0.8951853599618056,0.9406545821212394
401810950,2026-03-30,DAL,MIN,Dallas Mavericks,Minnesota Timberwolves,94,124,0,1370.2887053228994,1547.7175761230642,0.3247056740796742,0,1,0.6752943259203258,0.39037970950200807
401810951,2026-03-30,UTA,CLE,Utah Jazz,Cleveland Cavaliers,113,122,0,1270.7930736434355,1618.028818977227,0.17616312563945502,0,1,0.823836874360545,0.1941598898608524
401810952,2026-03-30,OKC,DET,Oklahoma City Thunder,Detroit Pistons,114,110,1,1738.440185494939,1678.3644382463535,0.5820221391822931,1,1,0.5820221391822931,0.7153415485752964
401810953,2026-03-30,LAL,WAS,Los Angeles Lakers,Washington Wizards,120,101,1,1613.1166127696579,1261.8083601771084,0.9210725786438937,1,1,0.9210725786438937,0.9307288281842242
401810954,2026-03-31,ORL,PHX,Orlando Magic,Phoenix Suns,115,111,1,1510.2505915273307,1538.0353991729467,0.5722325937162784,1,1,0.5722325937162784,0.6024548143762092
401810955,2026-03-31,BKN,CHA,Brooklyn Nets,Charlotte Hornets,86,117,0,1293.5028967301246,1633.479067770851,0.2082748409532425,0,1,0.7917251590467576,0.20078201957035577
401810956,2026-03-31,DET,TOR,Detroit Pistons,Toronto Raptors,127,116,1,1675.1726151224918,1552.2303762801105,0.664834432250316,1,1,0.664834432250316,0.7830209572707817
401810957,2026-03-31,HOU,NYK,Houston Rockets,New York Knicks,111,94,1,1584.1202596083524,1662.3098941715057,0.46229114668740445,0,0,0.5377088533125955,0.5313464737142145
401810958,2026-03-31,LAL,CLE,Los Angeles Lakers,Cleveland Cavaliers,127,113,1,1614.7257252959544,1621.1844998106665,0.5781213096389445,1,1,0.5781213096389445,0.6314556327587201
401810959,2026-03-31,LAC,POR,LA Clippers,Portland Trail Blazers,104,114,0,1573.5744419300731,1495.4167760761911,0.6628439313114746,1,0,0.6628439313114746,0.7360538086669466
401858694,2026-03-31,MIL,DAL,Milwaukee Bucks,Dallas Mavericks,123,99,1,1340.2863924856192,1354.2131540600692,0.634165985043865,1,1,0.634165985043865,0.6213959137431874
401810858,2026-04-01,MEM,NYK,Memphis Grizzlies,New York Knicks,119,130,0,1343.4805974227982,1648.8161562566293,0.24699660510616647,0,1,0.7530033948938335,0.2346916154316223
401810960,2026-04-01,WAS,PHI,Washington Wizards,Philadelphia 76ers,131,153,0,1260.199247650812,1510.6080811093595,0.2577503112366197,0,1,0.7422496887633803,0.2961242239252621
401810961,2026-04-01,MIA,BOS,Miami Heat,Boston Celtics,129,147,0,1536.412713680412,1670.4943916300895,0.42778352975260037,0,1,0.5722164702473996,0.4511092413126378
401810962,2026-04-01,ORL,ATL,Orlando Magic,Atlanta Hawks,101,130,0,1515.0043983845485,1578.2597508032222,0.4585236573338437,0,1,0.5414763426661563,0.5526835215645028
401810963,2026-04-01,TOR,SAC,Toronto Raptors,Sacramento Kings,115,123,0,1548.175167240988,1310.6915427560343,0.8092077252546662,1,0,0.8092077252546662,0.8746497725504685
401810964,2026-04-01,CHI,IND,Chicago Bulls,Indiana Pacers,126,145,0,1371.568681921101,1304.8014510314456,0.6353693119895597,1,0,0.6353693119895597,0.7231196727350179
401810965,2026-04-01,HOU,MIL,Houston Rockets,Milwaukee Bucks,119,113,1,1597.6139975232288,1353.4788221809313,0.8383073226062228,1,1,0.8383073226062228,0.8787878620566708
401810967,2026-04-01,UTA,DEN,Utah Jazz,Denver Nuggets,117,130,0,1267.637392809996,1608.8427780949319,0.18757772178447968,0,1,0.8124222782155204,0.19964895932508292
401810968,2026-04-01,GSW,SAS,Golden State Warriors,San Antonio Spurs,113,127,0,1462.4586058127923,1753.8950856379327,0.24561827773265385,0,1,0.7543817222673461,0.24936591094823393
401810969,2026-04-02,CHA,PHX,Charlotte Hornets,Phoenix Suns,127,107,1,1641.023166690707,1533.2815923157289,0.6416683523677024,1,1,0.6416683523677024,0.7677868812341465
401810970,2026-04-02,DET,MIN,Detroit Pistons,Minnesota Timberwolves,113,108,1,1679.2278241616143,1563.7931273858944,0.6876241861559963,1,1,0.6876241861559963,0.7755886962168106
401810971,2026-04-02,OKC,LAL,Oklahoma City Thunder,Los Angeles Lakers,139,96,1,1741.6320086188007,1623.54588935635,0.7239111134608611,1,1,0.7239111134608611,0.7782340241197603
401810972,2026-04-02,GSW,CLE,Golden State Warriors,Cleveland Cavaliers,111,118,0,1456.8959849886585,1612.3643357502708,0.3230596139614025,0,1,0.6769403860385975,0.4208459885440095
401810973,2026-04-02,POR,NOP,Portland Trail Blazers,New Orleans Pelicans,118,106,1,1513.2328532470874,1416.722453592091,0.7224209491704788,1,1,0.7224209491704788,0.7560611706818969
401810974,2026-04-02,LAC,SAS,LA Clippers,San Antonio Spurs,99,118,0,1555.7583647591769,1759.4577064620664,0.4182502234869294,0,1,0.5817497765130706,0.35504376553069683
401810975,2026-04-03,CHA,IND,Charlotte Hornets,Indiana Pacers,129,108,1,1647.5464647948393,1331.1833028882006,0.822119914637811,1,1,0.822119914637811,0.9165813580458738
401810976,2026-04-03,PHI,MIN,Philadelphia 76ers,Minnesota Timberwolves,115,103,1,1519.8646459199886,1561.0989325847634,0.5566150074532389,1,1,0.5566150074532389,0.5837732951356566
401810977,2026-04-03,BKN,ATL,Brooklyn Nets,Atlanta Hawks,107,141,0,1285.9587978102686,1602.5550934321896,0.21456856926503767,0,1,0.7854314307349624,0.2232496227956195
401810978,2026-04-03,NYK,CHI,New York Knicks,Chicago Bulls,136,96,1,1653.255467628424,1345.186830064346,0.8557544442353133,1,1,0.8557544442353133,0.9128572474026911
401810979,2026-04-03,HOU,UTA,Houston Rockets,Utah Jazz,140,106,1,1599.0839175922688,1263.5362554184305,0.8743081689481144,1,1,0.8743081689481144,0.9246459953476375
401810980,2026-04-03,MEM,TOR,Memphis Grizzlies,Toronto Raptors,96,128,0,1339.0412860510035,1526.418798338158,0.29566609841944924,0,1,0.7043339015805508,0.3768393472447721
401810981,2026-04-03,MIL,BOS,Milwaukee Bucks,Boston Celtics,101,133,0,1352.0089021118913,1683.8709150994282,0.22089027459299504,0,1,0.779109725407005,0.2083821619232558
401810982,2026-04-03,DAL,ORL,Dallas Mavericks,Orlando Magic,127,138,0,1341.0207243647571,1490.7090557555812,0.37790521677994166,0,1,0.6220947832200583,0.428976303524147
401810983,2026-04-03,SAC,NOP,Sacramento Kings,New Orleans Pelicans,117,113,1,1332.4479116588643,1411.816639036377,0.5474733859457532,1,1,0.5474733859457532,0.5296559388757285
401810984,2026-04-04,MIA,WAS,Miami Heat,Washington Wizards,152,136,1,1523.0361902110733,1250.942682840183,0.8643527145286592,1,1,0.8643527145286592,0.8949134213005001
401810985,2026-04-04,DEN,SAS,Denver Nuggets,San Antonio Spurs,136,134,1,1612.9439154864974,1769.8228796553005,0.43398233442274986,0,0,0.5660176655772502,0.4188681104022802
401810986,2026-04-04,PHI,DET,Philadelphia 76ers,Detroit Pistons,93,116,0,1529.116308485308,1681.9220189627454,0.303481898488774,0,1,0.6965181015112261,0.4245862689344681
401810987,2026-04-05,BOS,TOR,Boston Celtics,Toronto Raptors,115,101,1,1691.9281486968737,1542.5637001175517,0.7012475209617691,1,1,0.7012475209617691,0.807750179939777
401810988,2026-04-05,BKN,WAS,Brooklyn Nets,Washington Wizards,121,115,1,1276.8403634824988,1248.6657354665665,0.6878074633315292,1,1,0.6878074633315292,0.6765216952570711
401810989,2026-04-05,CHI,PHX,Chicago Bulls,Phoenix Suns,110,120,0,1341.636389236473,1526.7582942115966,0.33040145736193965,0,1,0.6695985426380604,0.3798933147189086
401810990,2026-04-05,MIL,MEM,Milwaukee Bucks,Memphis Grizzlies,131,115,1,1343.9516685144458,1322.8963842716098,0.5943918713562744,1,1,0.5943918713562744,0.667489058556803
401810991,2026-04-05,CLE,IND,Cleveland Cavaliers,Indiana Pacers,117,108,1,1619.1444277944263,1329.062300303275,0.8441907469005702,1,1,0.8441907469005702,0.9042610807665931
401810992,2026-04-05,MIN,CHA,Minnesota Timberwolves,Charlotte Hornets,108,122,0,1551.8472700194438,1649.667467379765,0.4728063267352367,0,1,0.5271936732647633,0.5031369470053285
401810993,2026-04-05,NOP,ORL,New Orleans Pelicans,Orlando Magic,108,112,0,1405.963978944852,1499.795108562846,0.43028366314138267,0,1,0.5697163368586173,0.508876785314981
401810994,2026-04-05,OKC,UTA,Oklahoma City Thunder,Utah Jazz,146,111,1,1752.4023233410842,1260.8582871628885,0.945263968786456,1,1,0.945263968786456,0.9678666907725453
401810995,2026-04-05,DAL,LAL,Dallas Mavericks,Los Angeles Lakers,134,128,1,1331.9346715574923,1612.7755746340665,0.26004050208433216,0,0,0.7399594979156678,0.2609563335074359
401810996,2026-04-05,SAC,LAC,Sacramento Kings,LA Clippers,109,138,0,1338.3005717503893,1545.3931915659427,0.2732903548909674,0,1,0.7267096451090326,0.35058365557514665
401810997,2026-04-05,GSW,HOU,Golden State Warriors,Houston Rockets,116,117,0,1450.115892944503,1601.7618858478108,0.3793205352793009,0,1,0.6206794647206991,0.42621808494515406
401810998,2026-04-06,ATL,NYK,Atlanta Hawks,New York Knicks,105,108,0,1611.6735277599594,1656.805908456297,0.4964099405311327,0,1,0.5035900594688674,0.578310925622159
401810999,2026-04-06,ORL,DET,Orlando Magic,Detroit Pistons,123,107,1,1506.2636802353807,1696.643235985167,0.2746049916625024,0,0,0.7253950083374976,0.3727899087917534
401811000,2026-04-06,MEM,CLE,Memphis Grizzlies,Cleveland Cavaliers,126,142,0,1314.3725970553078,1620.5649455506218,0.2338616175520135,0,1,0.7661383824479865,0.23380691717987648
401811001,2026-04-06,SAS,PHI,San Antonio Spurs,Philadelphia 76ers,115,102,1,1763.939255071178,1514.3950914628865,0.8312341665647855,1,1,0.8312341665647855,0.8820656061567967
401811002,2026-04-06,DEN,POR,Denver Nuggets,Portland Trail Blazers,137,132,1,1618.82754007062,1518.1386678028014,0.6878844783985716,1,1,0.6878844783985716,0.760470003790919
401811003,2026-04-07,WAS,CHI,Washington Wizards,Chicago Bulls,98,129,0,1244.1282665715378,1334.2543872655033,0.42058520191814747,0,1,0.5794147980818525,0.5142058302884243
401811004,2026-04-07,BOS,CHA,Boston Celtics,Charlotte Hornets,113,102,1,1696.0509899722927,1662.6324542611346,0.624060026855154,1,1,0.624060026855154,0.6830921708494454
401811005,2026-04-07,BKN,MIL,Brooklyn Nets,Milwaukee Bucks,96,90,1,1281.3778323775275,1352.4754557307479,0.47869946778528927,0,0,0.5213005322147107,0.5414981824332458
401811006,2026-04-07,TOR,MIA,Toronto Raptors,Miami Heat,121,95,1,1538.4408588421327,1525.3131375846897,0.5683609735581165,1,1,0.5683609735581165,0.6572843230967699
401811007,2026-04-07,IND,MIN,Indiana Pacers,Minnesota Timberwolves,104,124,0,1327.6417825470794,1538.8822831380742,0.31210900900222815,0,1,0.6878909909977718,0.34516701975829517
401811008,2026-04-07,NOP,UTA,New Orleans Pelicans,Utah Jazz,156,137,1,1399.4954072723174,1259.7905140828784,0.6922720490669737,1,1,0.6922720490669737,0.7989672754353934
401811009,2026-04-07,GSW,SAC,Golden State Warriors,Sacramento Kings,110,105,1,1446.8071294464914,1324.5227391316037,0.7515591821159299,1,1,0.7515591821159299,0.7823768800028498
401811010,2026-04-07,LAL,OKC,Los Angeles Lakers,Oklahoma City Thunder,87,123,0,1599.412680836547,1753.4700964210942,0.3274727439258108,0,1,0.6725272560741892,0.4228268628699677
401811011,2026-04-07,LAC,DAL,LA Clippers,Dallas Mavericks,116,103,1,1559.1710241847284,1345.2975653550118,0.8060077854323243,1,1,0.8060077854323243,0.8589747856048604
401811012,2026-04-07,PHX,HOU,Phoenix Suns,Houston Rockets,105,119,0,1534.1402961825663,1605.0706493458224,0.502388358097705,1,0,0.502388358097705,0.5417372358336134
401811013,2026-04-08,CLE,ATL,Cleveland Cavaliers,Atlanta Hawks,122,116,1,1626.2080779123676,1604.9104383410083,0.5976786891946007,1,1,0.5976786891946007,0.6677986271001234
401811014,2026-04-08,ORL,MIN,Orlando Magic,Minnesota Timberwolves,132,120,1,1525.2735350383005,1549.266062339792,0.5791112635532844,1,1,0.5791112635532844,0.6076713195589858
401811015,2026-04-08,DET,MIL,Detroit Pistons,Milwaukee Bucks,137,111,1,1677.6333811822471,1345.5447665907946,0.9138437714481453,1,1,0.9138437714481453,0.9232468353407988
401811016,2026-04-08,SAS,POR,San Antonio Spurs,Portland Trail Blazers,112,101,1,1766.19774924783,1515.233733180294,0.7928129059292075,1,1,0.7928129059292075,0.8829131921941937
401811017,2026-04-08,DEN,MEM,Denver Nuggets,Memphis Grizzlies,136,119,1,1621.7324746931274,1308.729464693562,0.8769951477085123,1,1,0.8769951477085123,0.9150904573726204
401811018,2026-04-08,LAC,OKC,LA Clippers,Oklahoma City Thunder,110,128,0,1561.9333181265076,1773.728083450155,0.30222090825244585,0,1,0.6977790917475541,0.3444462145455948
401811019,2026-04-08,PHX,DAL,Phoenix Suns,Dallas Mavericks,112,107,1,1519.8731970419865,1342.5352714132325,0.8012430014264033,1,1,0.8012430014264033,0.8315266025938658
401811020,2026-04-09,TOR,MIA,Toronto Raptors,Miami Heat,128,114,1,1550.8343757778696,1512.9196206489528,0.6072721875209879,1,1,0.6072721875209879,0.688668368333261
401811021,2026-04-09,WAS,CHI,Washington Wizards,Chicago Bulls,108,119,0,1220.9151730898423,1357.4674807471988,0.3669326269124931,0,1,0.6330673730875069,0.4475902206901616
401811022,2026-04-09,BKN,IND,Brooklyn Nets,Indiana Pacers,94,123,0,1288.3085215174808,1317.2580033453617,0.4961132573826347,0,1,0.5038867426173653,0.6008479918396664
401811023,2026-04-09,NYK,BOS,New York Knicks,Boston Celtics,112,106,1,1663.568997875248,1702.3570855970506,0.5706399335834852,1,1,0.5706399335834852,0.5871907473879681
401811024,2026-04-09,HOU,PHI,Houston Rockets,Philadelphia 76ers,113,102,1,1619.3377484864022,1512.1365972862345,0.7121473839066642,1,1,0.7121473839066642,0.7672317716874788
401811025,2026-04-09,GSW,LAL,Golden State Warriors,Los Angeles Lakers,103,119,0,1449.4076725688421,1579.1546938074862,0.4334501773229523,0,1,0.5665498226770477,0.4572948953179562
401811026,2026-04-10,CHA,DET,Charlotte Hornets,Detroit Pistons,100,118,0,1656.3263586363767,1679.8826665784225,0.5038247244691205,1,0,0.5038247244691205,0.6082698163096208
401811027,2026-04-10,WAS,MIA,Washington Wizards,Miami Heat,117,140,0,1211.338066635417,1505.7069128684302,0.2185558129843057,0,1,0.7814441870156943,0.24621964427415127
401811028,2026-04-10,ATL,CLE,Atlanta Hawks,Cleveland Cavaliers,124,102,1,1600.2272411206554,1630.8912751327205,0.5437228765028975,1,1,0.5437228765028975,0.5984785923149978
401811029,2026-04-10,BOS,NOP,Boston Celtics,New Orleans Pelicans,144,118,1,1696.2708425751678,1404.8285524274556,0.8359193350179013,1,1,0.8359193350179013,0.9049367812218292
401811030,2026-04-10,IND,PHI,Indiana Pacers,Philadelphia 76ers,94,105,0,1344.4391732982633,1507.7393046433963,0.4180254519632329,0,1,0.5819745480367671,0.40989853407576454
401811031,2026-04-10,NYK,TOR,New York Knicks,Toronto Raptors,112,95,1,1669.6552408971309,1558.0470835583922,0.7102734358516489,1,1,0.7102734358516489,0.7717315612476314
401811032,2026-04-10,CHI,ORL,Chicago Bulls,Orlando Magic,103,127,0,1367.0445872016242,1533.880615017278,0.3464345960349491,0,1,0.6535654039650509,0.4049843933817063
401811033,2026-04-10,HOU,MIN,Houston Rockets,Minnesota Timberwolves,132,136,0,1623.7350411292405,1540.6589823608144,0.6212919035517142,1,0,0.6212919035517142,0.741517450319258
401811034,2026-04-10,MIL,BKN,Milwaukee Bucks,Brooklyn Nets,125,108,1,1343.2954811946192,1261.1273515645792,0.7492435481755979,1,1,0.7492435481755979,0.7405144344260551
401811035,2026-04-10,SAS,DAL,San Antonio Spurs,Dallas Mavericks,139,120,1,1768.2110449616869,1340.5946226814144,0.9220353829556569,1,1,0.9220353829556569,0.9542268724999383
401811036,2026-04-10,UTA,MEM,Utah Jazz,Memphis Grizzlies,147,101,1,1254.4573689277402,1306.8597893187584,0.5288739542062222,1,1,0.5288739542062222,0.5680730868766303
401811037,2026-04-10,DEN,OKC,Denver Nuggets,Oklahoma City Thunder,127,107,1,1623.602150067931,1783.3589183276015,0.3358946244482362,0,0,0.6641053755517639,0.41484116540530735
401811038,2026-04-10,POR,LAC,Portland Trail Blazers,LA Clippers,116,97,1,1513.220437466437,1552.3024832490612,0.5320545907526424,1,1,0.5320545907526424,0.5867805114769071
401811039,2026-04-10,SAC,GSW,Sacramento Kings,Golden State Warriors,124,118,1,1321.922196009253,1436.848707509854,0.4530364573757956,0,0,0.5469635426242043,0.4785322294790701
401811040,2026-04-10,LAL,PHX,Los Angeles Lakers,Phoenix Suns,101,73,1,1591.7136588664744,1521.8138457738046,0.5762254109632802,1,1,0.5762254109632802,0.7267155501910959
401811041,2026-04-12,BOS,ORL,Boston Celtics,Orlando Magic,113,108,1,1699.1256974785183,1548.1984167427524,0.7668687816313029,1,1,0.7668687816313029,0.809143360407628
401811042,2026-04-12,CLE,WAS,Cleveland Cavaliers,Washington Wizards,130,117,1,1617.5688264598598,1203.6378665418538,0.9182675072047328,1,1,0.9182675072047328,0.9506601430017708
401811043,2026-04-12,IND,DET,Indiana Pacers,Detroit Pistons,121,133,0,1335.8471874848838,1699.618093030601,0.1540379363766157,0,1,0.8459620636233843,0.17969910752517104
401811044,2026-04-12,MIA,ATL,Miami Heat,Atlanta Hawks,143,117,1,1513.4071129619933,1613.549689793516,0.44925634326691327,0,0,0.5507436567330868,0.49979481545722376
401811045,2026-04-12,NYK,CHA,New York Knicks,Charlotte Hornets,96,110,0,1675.374208707492,1636.5909321841982,0.6440786852751073,1,0,0.6440786852751073,0.6897392937714116
401811046,2026-04-12,PHI,MIL,Philadelphia 76ers,Milwaukee Bucks,126,106,1,1516.3312904567758,1349.930191137756,0.7319972743352503,1,1,0.7319972743352503,0.8225219164548131
401811047,2026-04-12,TOR,BKN,Toronto Raptors,Brooklyn Nets,136,101,1,1552.328115748031,1254.4926416214423,0.8798908109843527,1,1,0.8798908109843527,0.908055893618972
401811048,2026-04-12,DAL,CHI,Dallas Mavericks,Chicago Bulls,149,128,1,1339.5769938023038,1352.7267854761496,0.5390964072689793,1,1,0.5390964072689793,0.622447578015666
401811049,2026-04-12,HOU,MEM,Houston Rockets,Memphis Grizzlies,132,101,1,1612.7463721099268,1281.8962678987052,0.8843909017767513,1,1,0.8843909017767513,0.9227401012855815
401811050,2026-04-12,MIN,NOP,Minnesota Timberwolves,New Orleans Pelicans,132,126,1,1551.647651380128,1401.973697524105,0.7624778765449586,1,1,0.7624778765449586,0.808026701236692
401811051,2026-04-12,OKC,PHX,Oklahoma City Thunder,Phoenix Suns,103,135,0,1763.2263556500272,1511.8063522234684,0.8454131535903588,1,0,0.8454131535903588,0.8831842724791605
401811052,2026-04-12,SAS,DEN,San Antonio Spurs,Denver Nuggets,118,128,0,1769.2286738407975,1643.7347127455052,0.7125024207487475,1,0,0.7125024207487475,0.7855062111606366
401811053,2026-04-12,LAL,UTA,Los Angeles Lakers,Utah Jazz,131,107,1,1601.7211524168106,1279.4208903477934,0.8623166662637292,1,1,0.8623166662637292,0.9191575778924452
401811054,2026-04-12,LAC,GSW,LA Clippers,Golden State Warriors,115,110,1,1539.8452334226777,1428.6865038809308,0.6816680911716795,1,1,0.6816680911716795,0.7712754897498646
401811055,2026-04-12,POR,SAC,Portland Trail Blazers,Sacramento Kings,122,110,1,1525.6776872928206,1330.0843996381761,0.8077054136880351,1,1,0.8077054136880351,0.8457399022951595
